text,cleaned_text,text_length,cleaned_length,positive_probability,predicted_label,label
are you feeling better?,are you feeling better?,23,23,0.7529481763536702,positive,1
a lot of jobs to do,a lot of jobs to do,19,19,0.4670398525441608,negative,0
my face hurts. -,my face hurts. -,16,16,0.0735352326321744,negative,0
"hahaha and charlotte becomes jewish, ahh i need to sleep. school tomorrow then overlee all day again!","hahaha and charlotte becomes jewish, ahh i need to sleep. school tomorrow then overlee all day again!",101,101,0.5357004634372027,positive,1
- back again... hamburg,- back again... hamburg,23,23,0.46242249459948925,negative,1
hav fun bb. n aiek is all kinds of good. n i will pound u if u slag it off again! enjoy ur afo. x,hav fun bb. n aiek is all kinds of good. n i will pound u if u slag it off again! enjoy ur afo. x,97,97,0.8295994899408989,positive,1
well i didnt know tht! really cool,well i didnt know tht! really cool,34,34,0.5923483350376323,positive,1
i have bought a couple of interesting goodies from the 1shelf art shop... experiments about to begin.... shld be fun,i have bought a couple of interesting goodies from the 1shelf art shop... experiments about to begin.... shld be fun,116,116,0.8991924435767311,positive,1
jonas brothers channel on yt got suspended,jonas brothers channel on yt got suspended,42,42,0.3589906501415427,negative,0
good morning pumpkins!! have a prosperous day!!!,good morning pumpkins!! have a prosperous day!!!,48,48,0.9507493786378741,positive,1
hey! gotcha! coming up!,hey! gotcha! coming up!,23,23,0.8886111718653094,positive,1
i wish i can come. huhu. i am at indonesia. and it's faaar away,i wish i can come. huhu. i am at indonesia. and it's faaar away,63,63,0.08200371894902111,negative,0
- sitting in very hot sun at glasgow green then heading to mono for brunch. early start for the hens! fb,- sitting in very hot sun at glasgow green then heading to mono for brunch. early start for the hens! fb,104,104,0.7602048491782101,positive,1
who's tough enough for world's toughest workouts ? jon letocq's a nutter,who's tough enough for world's toughest workouts ? jon letocq's a nutter,72,72,0.7341993662941668,positive,1
enter shikari were super fucking awesome great nighhhhhht,enter shikari were super fucking awesome great nighhhhhht,57,57,0.848756667561422,positive,1
in san diego? and just what does via do for me now . . where's my dd . . or my fat bar chick,in san diego? and just what does via do for me now . . where's my dd . . or my fat bar chick,92,92,0.4514668868306136,negative,1
got stuck at s boob and at the same time my butt got stuck to what a mess ahahaha,got stuck at s boob and at the same time my butt got stuck to what a mess ahahaha,81,81,0.2095539671239528,negative,1
yes! i am part of the lakers final presale. fdsjkl:fjskyuiop~!!!!!! celebratory run around the block is in order.,yes! i am part of the lakers final presale. fdsjkl:fjskyuiop~!!!!!! celebratory run around the block is in order.,113,113,0.7771538425877335,positive,1
a boobear! i'm sorry. at least you get to stay home... and lmao! dude is psycho! he def couldn't og touched me! lol,a boobear! i'm sorry. at least you get to stay home... and lmao! dude is psycho! he def couldn't og touched me! lol,115,115,0.3904184655620284,negative,0
why are my parent's fighting? it's annoying. i miss the noise tbh...,why are my parent's fighting? it's annoying. i miss the noise tbh...,68,68,0.018462066919598515,negative,0
goodnite just one tim tam for you before you go to bed bunny hands miss grey 2 tim tams,goodnite just one tim tam for you before you go to bed bunny hands miss grey 2 tim tams,87,87,0.5501399459616676,positive,1
eb.. nxt time no need to follow me la go shopping :s henry says ur so tired today,eb.. nxt time no need to follow me la go shopping :s henry says ur so tired today,81,81,0.3112574538965511,negative,0
heinekin bottles confuse my mind with vk apple bottles. i miss vks!!!,heinekin bottles confuse my mind with vk apple bottles. i miss vks!!!,69,69,0.2458407794737114,negative,0
it sure was. yum!,it sure was. yum!,17,17,0.8633174861256478,positive,1
"working like a robot these days but satisfied at the end of the day because i am enjoying my work, learning something new everyday","working like a robot these days but satisfied at the end of the day because i am enjoying my work, learning something new everyday",130,130,0.7921556023718885,positive,1
that is probably because everyone is at coachella.,that is probably because everyone is at coachella.,50,50,0.7440866250553332,positive,1
training today: another mac os x 10.5 troubleshooting certifications course,training today: another mac os x 10.5 troubleshooting certifications course,75,75,0.5759309419231771,positive,1
phone's dying - no more tweets tonight.,phone's dying - no more tweets tonight.,39,39,0.08473561393784301,negative,0
well this is my dress that i wont get to wear,well this is my dress that i wont get to wear,45,45,0.25070809382308623,negative,0
summer school monday,summer school monday,20,20,0.17403433035375482,negative,0
we only call the interns in when it's 100% pure danger.,we only call the interns in when it's 100% pure danger.,55,55,0.5172337854432572,positive,1
"by the way, did i mention i'm meeting green day tomorrow? haha","by the way, did i mention i'm meeting green day tomorrow? haha",62,62,0.864127903452764,positive,1
i want an lg cookie or an iphone,i want an lg cookie or an iphone,32,32,0.3190684717820314,negative,0
i love joe he gets me free tickets all the time lol...good luck at the game,i love joe he gets me free tickets all the time lol...good luck at the game,75,75,0.8753176112997388,positive,1
anybody doing history still up?! please be,anybody doing history still up?! please be,42,42,0.3565889722593234,negative,0
"even if australia gets to host the football world cup in 2018/2022, it will be in canberra not sydney","even if australia gets to host the football world cup in 2018/2022, it will be in canberra not sydney",101,101,0.4319597981623622,negative,0
thanks for recommending gymnopedie i really like it,thanks for recommending gymnopedie i really like it,51,51,0.9311205911798099,positive,1
shit i just cut my finger now theres blood all over my laptop,shit i just cut my finger now theres blood all over my laptop,61,61,0.04613716757821371,negative,0
why does the sims never work on my laptop? whyyyyy? someone help me,why does the sims never work on my laptop? whyyyyy? someone help me,67,67,0.06576244359884602,negative,0
lmao my liver is broken i think maybe oww,lmao my liver is broken i think maybe oww,41,41,0.16186830425047155,negative,0
this day was just puuurrrfect!!,this day was just puuurrrfect!!,31,31,0.4048250997414888,negative,1
"hi, i am new here, my first twitt. phu. have now your joombar. what a brand new world.","hi, i am new here, my first twitt. phu. have now your joombar. what a brand new world.",86,86,0.911611517353776,positive,1
missing my cat,missing my cat,14,14,0.0168902464331731,negative,0
"well,i finished taking care of grandma. now,im relaxing in my room as im listening to music","well,i finished taking care of grandma. now,im relaxing in my room as im listening to music",91,91,0.806214465759639,positive,1
"notice there's not too many irish bodies awake yet, must have been a good combination of drowning sorrows and celebrating last night!","notice there's not too many irish bodies awake yet, must have been a good combination of drowning sorrows and celebrating last night!",133,133,0.5455967870095663,positive,1
at the car wash... getting my car ready to go back to work next week tuesday is ladies day i love specials!!,at the car wash... getting my car ready to go back to work next week tuesday is ladies day i love specials!!,108,108,0.46737006397333786,negative,0
"we're going to need a really big stick, lol or, &quot;i've got suction, and i'm not afraid to use it&quot; sanctuarysunday","we're going to need a really big stick, lol or, &quot;i've got suction, and i'm not afraid to use it&quot; sanctuarysunday",122,122,0.6088031953979914,positive,1
"well time to go into hell for a day, alone. . fml really, fuck it.","well time to go into hell for a day, alone. . fml really, fuck it.",66,66,0.1952298597780149,negative,0
thanks,thanks,6,6,0.9981194578994557,positive,1
do we need to get u safety gear? knee pads? helmet?,do we need to get u safety gear? knee pads? helmet?,51,51,0.3679284380941978,negative,0
"is excited to be home, and alive.","is excited to be home, and alive.",33,33,0.7951116158186559,positive,1
damn that sucks,damn that sucks,15,15,0.010919283241636834,negative,0
"aww, don't worry. you'll get used to it. i live in nyc too","aww, don't worry. you'll get used to it. i live in nyc too",58,58,0.7874764589927199,positive,1
"trouble finding gum arabic where i live, so throat lozenges are on hold until it arrives in post sore throat will prolly be gone by then.","trouble finding gum arabic where i live, so throat lozenges are on hold until it arrives in post sore throat will prolly be gone by then.",137,137,0.08163110431708871,negative,0
spent the evening in the er with cody...bad ear infection,spent the evening in the er with cody...bad ear infection,57,57,0.24638279443546457,negative,0
don't have any toddler sizes left,don't have any toddler sizes left,33,33,0.09243749433247882,negative,0
is this season's past eppies for sytycd anywhere online? this is killing me missing them.,is this season's past eppies for sytycd anywhere online? this is killing me missing them.,89,89,0.061081062695459105,negative,0
noooooooooo kate should have won yasmina was pants x,noooooooooo kate should have won yasmina was pants x,52,52,0.19441997899709268,negative,0
- i. want. those. now. please.,- i. want. those. now. please.,30,30,0.2532558542171858,negative,1
hahah...your loved but you chose to leave me,hahah...your loved but you chose to leave me,44,44,0.5416050683155214,positive,0
i had a classic tr6 convertible roadster totaled one night by a drunk woman in a huge buick. parked on the street at gf's. *sob*,i had a classic tr6 convertible roadster totaled one night by a drunk woman in a huge buick. parked on the street at gf's. *sob*,128,128,0.46668702614346536,negative,0
"can i use the mojo painting on my blog? i so love it! i will,of course, credit you","can i use the mojo painting on my blog? i so love it! i will,of course, credit you",82,82,0.9162343180800266,positive,1
"that's awesome! when it gets closer, i'll have to tell you which bbc america shows to check out.","that's awesome! when it gets closer, i'll have to tell you which bbc america shows to check out.",96,96,0.820992152954913,positive,1
"my day was great thx oh righttt..lol...harpo! yay...ya whenever. i hope u can join us again soon, u and nina","my day was great thx oh righttt..lol...harpo! yay...ya whenever. i hope u can join us again soon, u and nina",108,108,0.935892139163932,positive,1
"i was just teasing you i didn't think that joke was that funny, but &quot;you&quot; didn't make it up anyway, now did you?","i was just teasing you i didn't think that joke was that funny, but &quot;you&quot; didn't make it up anyway, now did you?",122,122,0.4913030276069842,negative,1
mornin' i'm getting sick how you doin?,mornin' i'm getting sick how you doin?,38,38,0.5449132914125093,positive,0
"been there, done that.","been there, done that.",22,22,0.47876183461735483,negative,0
"oooh i'm good thanks,why not ?","oooh i'm good thanks,why not ?",30,30,0.8949345631456276,positive,0
"i want to read, but my head and eyes hurt.","i want to read, but my head and eyes hurt.",42,42,0.07503165116861756,negative,0
bleh i wanted to get to the 1st rank (50 wins) by lunchtime but i only have 45,bleh i wanted to get to the 1st rank (50 wins) by lunchtime but i only have 45,78,78,0.07350655631141126,negative,0
no access to sky one,no access to sky one,20,20,0.21956277230113141,negative,0
kay goodnight.,kay goodnight.,14,14,0.9170799919362261,positive,1
"ooh alright. well, too bad we can't reply to your messages you would need to follow us in order to do that.","ooh alright. well, too bad we can't reply to your messages you would need to follow us in order to do that.",107,107,0.4227128805174132,negative,0
just finished talking to dad on the phone and he's sending me turn tables so that i can dj at home!,just finished talking to dad on the phone and he's sending me turn tables so that i can dj at home!,99,99,0.4765489933270795,negative,1
is still really worried... i wish everything would just come 2gether and get better,is still really worried... i wish everything would just come 2gether and get better,83,83,0.1711365724562243,negative,0
apparently there is something wrong with the headphone jack on my iphone. heading to the apple store for a diognosis,apparently there is something wrong with the headphone jack on my iphone. heading to the apple store for a diognosis,116,116,0.18291163696314902,negative,0
i wasn't even home an hour before i got in a massive fight with my parents. it will be a long two months... and i could really use a hug,i wasn't even home an hour before i got in a massive fight with my parents. it will be a long two months... and i could really use a hug,136,136,0.2334906911085849,negative,0
late to the first event,late to the first event,23,23,0.5254323742043534,positive,0
neither have i...,neither have i...,17,17,0.3781433736457676,negative,1
cant speak for other peoples bikes but wheelworx now thats a whole other level of ga faster with confidence ;),cant speak for other peoples bikes but wheelworx now thats a whole other level of ga faster with confidence ;),110,110,0.6341334515909411,positive,1
i got 8 birds and 2 quails. and one of the finches is so cool (: cozii (:,i got 8 birds and 2 quails. and one of the finches is so cool (: cozii (:,73,73,0.8032586840765877,positive,1
"my mom is annoyed and sad on mother's day this is not right, it's not what i expected!!","my mom is annoyed and sad on mother's day this is not right, it's not what i expected!!",87,87,0.0406206738671019,negative,0
"word? video for perfectly blind? that is a beautiful song, i hope the video comes out nice","word? video for perfectly blind? that is a beautiful song, i hope the video comes out nice",90,90,0.9418056051024825,positive,1
"i'm not sure, i lucked out and got mine in the first minute so i didn't really pay much attention to the details...","i'm not sure, i lucked out and got mine in the first minute so i didn't really pay much attention to the details...",115,115,0.26841793052173546,negative,0
"pizza,vanilla shake,andy capp hot fries,cream soda? my peaceful friday night is set i'm in a better mood thanks to my daddy. movie&amp;fanfic","pizza,vanilla shake,andy capp hot fries,cream soda? my peaceful friday night is set i'm in a better mood thanks to my daddy. movie&amp;fanfic",141,141,0.8905908494364885,positive,1
- haha i love this pic,- haha i love this pic,22,22,0.967970122674603,positive,1
love them! it's better when i can watch them as well.,love them! it's better when i can watch them as well.,53,53,0.8303249253921027,positive,1
time to go dream,time to go dream,16,16,0.6837393766770187,positive,1
"thanks! looking forward to your tweets, cape was great today","thanks! looking forward to your tweets, cape was great today",60,60,0.9223878364254274,positive,1
spilled my drink. cut off,spilled my drink. cut off,25,25,0.296038231404695,negative,0
"bloody golf is coming here, don't remind me. the place will go a bit mental then i think","bloody golf is coming here, don't remind me. the place will go a bit mental then i think",88,88,0.47414081650996337,negative,0
ps- dinner/movie/bar was amazing last nite.. good times w more 2 come,ps- dinner/movie/bar was amazing last nite.. good times w more 2 come,69,69,0.8399558176588013,positive,1
"harry, says 'hi carol', please, i beg i beg, i cry so much ( please please i love you so much answer me. you ignore me 3","harry, says 'hi carol', please, i beg i beg, i cry so much ( please please i love you so much answer me. you ignore me 3",120,120,0.34546213566779255,negative,0
the clouds finally moved out for most of region 8 allowing temperatures to warm quickly. mid and upper 90's the next couple of days.,the clouds finally moved out for most of region 8 allowing temperatures to warm quickly. mid and upper 90's the next couple of days.,132,132,0.5764370506293715,positive,0
"yup, certainly will be doing","yup, certainly will be doing",28,28,0.8747945566582849,positive,1
whoo is amazing the video! aw i re love it! ? jonas ily!,whoo is amazing the video! aw i re love it! ? jonas ily!,56,56,0.9512859797194394,positive,1
how are the puppies?,how are the puppies?,20,20,0.8346885054514043,positive,1
"today i won't sleep,i'll stay all night with my loveee","today i won't sleep,i'll stay all night with my loveee",54,54,0.6740170386059088,positive,1
i was gonna watch up but my mom got a headache at justin's instead!,i was gonna watch up but my mom got a headache at justin's instead!,67,67,0.11809047947180284,negative,0
aww pity ya didn't get enjoying ur muffin unless ur in the uk it aint a good muffin sounds wrong :-s,aww pity ya didn't get enjoying ur muffin unless ur in the uk it aint a good muffin sounds wrong :-s,100,100,0.2817550722333092,negative,0
"20 hits in about a minute, god i love twitter","20 hits in about a minute, god i love twitter",45,45,0.8839457009412817,positive,1
"good idea para fair. ) anyway , thanks!","good idea para fair. ) anyway , thanks!",39,39,0.9473403606462883,positive,1
again thinking about the typo3 v5 content model really cool,again thinking about the typo3 v5 content model really cool,59,59,0.8212278094368226,positive,1
"what did you write first, the lyrics or the music!!!!please take an answer!!!it's very important.please please thank you","what did you write first, the lyrics or the music!!!!please take an answer!!!it's very important.please please thank you",120,120,0.8953656799957432,positive,1
omgz not going to imats was so much fun!!!11!!!one! i had so much fun not meeting any of you guys! (lol),omgz not going to imats was so much fun!!!11!!!one! i had so much fun not meeting any of you guys! (lol),104,104,0.43579510635716695,negative,0
- vote 4 miley cyrus teen choiice awards 09 &amp;&amp; niley 4 best couple,- vote 4 miley cyrus teen choiice awards 09 &amp;&amp; niley 4 best couple,74,74,0.9257090389761289,positive,1
had the best dream ever! i hate waking up now all i need is that dream to come true!,had the best dream ever! i hate waking up now all i need is that dream to come true!,84,84,0.44280892734751365,negative,0
i feel like i don't know any of this stuff.,i feel like i don't know any of this stuff.,43,43,0.16983554303040094,negative,0
schmamms sleeping over she's complaining about how she likes wavy lays a lot more than ruffles while she's eating ruffles (i bought her!),schmamms sleeping over she's complaining about how she likes wavy lays a lot more than ruffles while she's eating ruffles (i bought her!),137,137,0.7675995778760063,positive,1
well the obvious answer would be download firefox as mine is now working besides firefox is the best browser available,well the obvious answer would be download firefox as mine is now working besides firefox is the best browser available,118,118,0.6391055178959572,positive,1
i've nearly finished my placement htis signals the end of my student life i dont have an excuse to be such a lazy drunken bum,i've nearly finished my placement htis signals the end of my student life i dont have an excuse to be such a lazy drunken bum,125,125,0.4344940082194199,negative,0
i got a bbq 2day nice hot day can not wait. x,i got a bbq 2day nice hot day can not wait. x,45,45,0.584586734268237,positive,1
training today and hibachi steakhouse tonight! one last dinner out with vadim before he leaves on tue back to tajikistan...,training today and hibachi steakhouse tonight! one last dinner out with vadim before he leaves on tue back to tajikistan...,123,123,0.20720382892838196,negative,0
happy anoop day to you too monica,happy anoop day to you too monica,33,33,0.9076479430273605,positive,1
i kno. i need tickets and i hope my friends are going.,i kno. i need tickets and i hope my friends are going.,54,54,0.2685030664347305,negative,0
"u left a mark.. i wear it proudly on my chest, above my heart 2 remind me that i feel the best when i'm with u..","u left a mark.. i wear it proudly on my chest, above my heart 2 remind me that i feel the best when i'm with u..",112,112,0.41259048927714476,negative,0
yeah thank you,yeah thank you,14,14,0.9944279793007649,positive,1
lmfao i know ;) no one can resist them hahaha...,lmfao i know ;) no one can resist them hahaha...,48,48,0.4097529664613902,negative,0
don't be so harsh. just cause you have unlimited broadband and we're still having our internet rationed out.,don't be so harsh. just cause you have unlimited broadband and we're still having our internet rationed out.,108,108,0.44645759713933364,negative,0
on my way to my apt.. gonna take my tv upstairs then go swimming!!!,on my way to my apt.. gonna take my tv upstairs then go swimming!!!,67,67,0.6207543631258193,positive,1
its the first time i've seen edward scissorhands and it's really sad,its the first time i've seen edward scissorhands and it's really sad,68,68,0.07640742850350392,negative,0
"just watched the repeat of zain challenge...smart kids!! i feel so blonde what day &amp; time does the show air in tz, anyone?","just watched the repeat of zain challenge...smart kids!! i feel so blonde what day &amp; time does the show air in tz, anyone?",126,126,0.4796291560995493,negative,0
i'm hungry. will someone please bring me breakfast?,i'm hungry. will someone please bring me breakfast?,51,51,0.39843136415912467,negative,0
i'll save the celebration until it's sent to my professor. i am proud that i wrote a 15 page paper though,i'll save the celebration until it's sent to my professor. i am proud that i wrote a 15 page paper though,105,105,0.8007971120724079,positive,1
good job! that's really nice of you to say that to people,good job! that's really nice of you to say that to people,57,57,0.9047087677876847,positive,1
wow,wow,3,3,0.7159963285410513,positive,1
being a nightwalker sucks. the only person awake is dj siqriq,being a nightwalker sucks. the only person awake is dj siqriq,61,61,0.11183507142646032,negative,0
"im upset cause,i really want to go america 2 see join my famo!!","im upset cause,i really want to go america 2 see join my famo!!",63,63,0.05356094569900874,negative,0
pretty good ! what does obiwankenobi do on a saturday night ?,pretty good ! what does obiwankenobi do on a saturday night ?,61,61,0.7203113737643858,positive,1
"damn it! i'm almost finished with my entry, and *now* you're posting this stuff?","damn it! i'm almost finished with my entry, and *now* you're posting this stuff?",80,80,0.6577435362700235,positive,1
english exam tomorrow dreading it,english exam tomorrow dreading it,33,33,0.17062458532374716,negative,0
rapidshare is one tough nut to ***k... anyone for help here,rapidshare is one tough nut to ***k... anyone for help here,59,59,0.4771171687671873,negative,0
i even forgot that tomorrow (june 19th) was our anniversary. i am an idiot.,i even forgot that tomorrow (june 19th) was our anniversary. i am an idiot.,75,75,0.3097414317695522,negative,0
i had an idea this morning of putting large mirrors just outside the windows to direct light from above straight in,i had an idea this morning of putting large mirrors just outside the windows to direct light from above straight in,115,115,0.6476400192651199,positive,1
thanks!! most of my students like me but i think that is probably because we use social media in class to learn english.,thanks!! most of my students like me but i think that is probably because we use social media in class to learn english.,120,120,0.8170222515133507,positive,1
"after a refreshing shower, sleep!","after a refreshing shower, sleep!",33,33,0.8349605667963145,positive,1
"by the way, just saw u on ellen yesterday. here it's late comparing to usa. u were awesome!!!","by the way, just saw u on ellen yesterday. here it's late comparing to usa. u were awesome!!!",93,93,0.6618822214671642,positive,1
we're at 100% taken apart,we're at 100% taken apart,25,25,0.3996170939838061,negative,0
i'm sleepy but i can't sleep...too bad i gotta be up in the a.m.,i'm sleepy but i can't sleep...too bad i gotta be up in the a.m.,64,64,0.014368722901393542,negative,0
haha...it's actually for your own protection..creeps out there pretending to be known celebs to take advantage of fans,haha...it's actually for your own protection..creeps out there pretending to be known celebs to take advantage of fans,118,118,0.5537631960294676,positive,0
random thought: i would love to own and drive a short bus,random thought: i would love to own and drive a short bus,57,57,0.6860311118960635,positive,1
just texted you...then remembered about the rice bath,just texted you...then remembered about the rice bath,53,53,0.6675965123520006,positive,0
baron hughes has realized he is too old to jump into dad's truck,baron hughes has realized he is too old to jump into dad's truck,64,64,0.12751757288004179,negative,0
lattin wooho its going to be a great day,lattin wooho its going to be a great day,40,40,0.8992789065482205,positive,1
got a cellphone i got a nokia 7610 supernova not so flashy sooo my phone!!=] hehe,got a cellphone i got a nokia 7610 supernova not so flashy sooo my phone!!=] hehe,81,81,0.33505392726823946,negative,1
i saw your seat,i saw your seat,15,15,0.7853438950974427,positive,0
hey! those are some real cool boots! wikki wikki wow!,hey! those are some real cool boots! wikki wikki wow!,53,53,0.9290557396840072,positive,1
absolutely. i'd climb a big big hill to get there... gonna have to wait till v before my festival fun begins,absolutely. i'd climb a big big hill to get there... gonna have to wait till v before my festival fun begins,108,108,0.44552984642355864,negative,0
"because he is a wacko. have you seen his hair, glasses and platform shoes. enough said","because he is a wacko. have you seen his hair, glasses and platform shoes. enough said",86,86,0.7350605151051429,positive,1
thanks for the follow friday plug! appreciate it,thanks for the follow friday plug! appreciate it,48,48,0.9801193102623154,positive,1
go on the msnnnn or ring my home phone now,go on the msnnnn or ring my home phone now,42,42,0.48334533061785395,negative,1
"t-mobile is always taking a shit on you, girl. either your phone or your service...always. bummer","t-mobile is always taking a shit on you, girl. either your phone or your service...always. bummer",97,97,0.37591660780534975,negative,0
is going over to his boyfriends to watch homeward bound,is going over to his boyfriends to watch homeward bound,55,55,0.6759196582776902,positive,1
"at this current moment, musical theater is my least favorite thing ever","at this current moment, musical theater is my least favorite thing ever",71,71,0.5132234638681555,positive,0
"when you said the bus comes every 5 mins- you lied. oh wait, i'm the one who said that","when you said the bus comes every 5 mins- you lied. oh wait, i'm the one who said that",86,86,0.6139774980076723,positive,0
repos update always takes time when you are in hurry..,repos update always takes time when you are in hurry..,54,54,0.4831718512193341,negative,0
be nice we don't want karma to bite us back;),be nice we don't want karma to bite us back;),45,45,0.47450874364195844,negative,1
ooc: last scene alive.,ooc: last scene alive.,22,22,0.7144649787920813,positive,1
ah! i would! but i have to babysit all day! and my car has a flat tire..,ah! i would! but i have to babysit all day! and my car has a flat tire..,72,72,0.058164672046056604,negative,0
"which concert are you going to see tonight? uh, that is, if you wanna share, coz then everyone will know where you'll be lol","which concert are you going to see tonight? uh, that is, if you wanna share, coz then everyone will know where you'll be lol",124,124,0.9361023390103155,positive,1
i sooo wanna see that too. good review girl...i may see it in 3d! yeah baby!,i sooo wanna see that too. good review girl...i may see it in 3d! yeah baby!,76,76,0.7863622477364824,positive,1
heck! i wanna go to the fat farm with,heck! i wanna go to the fat farm with,37,37,0.28642191385458454,negative,0
good morning! its beautiful out..sucks i got work,good morning! its beautiful out..sucks i got work,49,49,0.3493603091439017,negative,0
i meant pittsburgh. i didn't go to college there. i moved from there when i was 15,i meant pittsburgh. i didn't go to college there. i moved from there when i was 15,82,82,0.23437394957993982,negative,0
fuuun day with nicole we ate hella' lot; esp. sweets omg . i'm fuuuull (: nice day ... but at the same time it was weeeiiiirrrd xd,fuuun day with nicole we ate hella' lot; esp. sweets omg . i'm fuuuull (: nice day ... but at the same time it was weeeiiiirrrd xd,130,130,0.7705463395899548,positive,1
heyyy whores!! imy2!! man im still tryna figure this shit out!!,heyyy whores!! imy2!! man im still tryna figure this shit out!!,63,63,0.4977945516637059,negative,1
says im beginning to dislike playing... i find it boring already!!!!!!,says im beginning to dislike playing... i find it boring already!!!!!!,70,70,0.07857358700710593,negative,0
"damn it, 4 days! 4 days is all the willpower i have to stick to a diet","damn it, 4 days! 4 days is all the willpower i have to stick to a diet",70,70,0.18019240857226876,negative,0
i believe u babe. bring me a cd or samples of his music. i dnt have access to the internet at my place my cabel is acting up.,i believe u babe. bring me a cd or samples of his music. i dnt have access to the internet at my place my cabel is acting up.,125,125,0.23642644563236326,negative,0
thinks it's lame that twitter won't let me use my normal username because of their dumb character limit. i am now farmtownkitty lol,thinks it's lame that twitter won't let me use my normal username because of their dumb character limit. i am now farmtownkitty lol,131,131,0.21379882346776313,negative,0
i saw your interview w/ eugene &amp; i thought it was hilarious! you and cook were such good sports,i saw your interview w/ eugene &amp; i thought it was hilarious! you and cook were such good sports,99,99,0.815287040134351,positive,1
netgen gallery is good .. thats what i use on my artwebsite,netgen gallery is good .. thats what i use on my artwebsite,59,59,0.8405330585943661,positive,1
storenvy im on it,storenvy im on it,17,17,0.6274679483749322,positive,1
my tanned booty cutie,my tanned booty cutie,21,21,0.7066638733424606,positive,0
planning to go to the fair this eve ... waiting for my friend's call such a great day,planning to go to the fair this eve ... waiting for my friend's call such a great day,85,85,0.7963518678394493,positive,1
i'm finally on a phone where i can use bak2u software.,i'm finally on a phone where i can use bak2u software.,54,54,0.48060335183927183,negative,1
"touche! that's a fantasically made point, right there. superfragilisticespialidocious, even.","touche! that's a fantasically made point, right there. superfragilisticespialidocious, even.",92,92,0.6917100834037888,positive,1
dude sweet. except it isn't sit-in...and doesn't have free wifi.,dude sweet. except it isn't sit-in...and doesn't have free wifi.,64,64,0.34921435743721363,negative,0
"it appears meal obama is no more any insight, ?","it appears meal obama is no more any insight, ?",47,47,0.1371495119801118,negative,0
"in my relationship and families class, talking about divorce... what a bummer","in my relationship and families class, talking about divorce... what a bummer",77,77,0.14324100789564984,negative,0
has only 15 shifts left!,has only 15 shifts left!,24,24,0.35242044928635397,negative,1
trying to find a movie to watch..its really hard tp pick,trying to find a movie to watch..its really hard tp pick,56,56,0.29479391730060533,negative,0
i've never felt so lonely i miss you!,i've never felt so lonely i miss you!,37,37,0.03126885664080531,negative,0
dude it snowed here today...cant imagine the weather in hawaii right now,dude it snowed here today...cant imagine the weather in hawaii right now,72,72,0.21423069837599737,negative,0
"thank you so much kristjã¡n, love gummi","thank you so much kristjã¡n, love gummi",39,39,0.988265301880908,positive,1
am slugging it through four more days,am slugging it through four more days,37,37,0.5140618678031569,positive,0
surgery went well....lotsa after pain though.....its really bad....they keep giving her dilodid and it seems to help....i want some..,surgery went well....lotsa after pain though.....its really bad....they keep giving her dilodid and it seems to help....i want some..,133,133,0.08317037066942495,negative,1
not blabbing about it. just simply stated i attended the ceremony. that's all i said.,not blabbing about it. just simply stated i attended the ceremony. that's all i said.,85,85,0.4584222716184688,negative,1
why can't i find my friends on twitter?,why can't i find my friends on twitter?,39,39,0.047686332787642,negative,0
the move is over and i just ate about 1/2 of a 5-6 pound roast + bowl of potatoes,the move is over and i just ate about 1/2 of a 5-6 pound roast + bowl of potatoes,81,81,0.505858989840149,positive,1
34 miles to redding.,34 miles to redding.,20,20,0.630441731004461,positive,1
cute! i think i'm off to get a copy,cute! i think i'm off to get a copy,35,35,0.8640892858325225,positive,1
aww look at that little cutie and his fries! i'm going through josh withdrawal already who am i supposed to chat with!?,aww look at that little cutie and his fries! i'm going through josh withdrawal already who am i supposed to chat with!?,119,119,0.5633400730407051,positive,0
just woken up and holy shit the lead guitarist was amazing last night,just woken up and holy shit the lead guitarist was amazing last night,69,69,0.45347622963323486,negative,1
"so, - &quot;woke up with 'your mum' still in thought i was 'sexually gratified'.&quot;??..","so, - &quot;woke up with 'your mum' still in thought i was 'sexually gratified'.&quot;??..",90,90,0.47874052093939157,negative,1
"bus left, veronnica left, mom has no car would one of you like to give me a ride to school? ...... please?..","bus left, veronnica left, mom has no car would one of you like to give me a ride to school? ...... please?..",108,108,0.26038940643362807,negative,0
"awww that's cool, congrats to your lil cuzzo. pass my info along, i'd be happy to help answer questions or just be a contact","awww that's cool, congrats to your lil cuzzo. pass my info along, i'd be happy to help answer questions or just be a contact",124,124,0.9515888187423637,positive,1
i cant believe it was rained out,i cant believe it was rained out,32,32,0.12308273205098073,negative,0
"it might be the end of my name is earl this wekk, i possibley might cry","it might be the end of my name is earl this wekk, i possibley might cry",71,71,0.336018283231327,negative,0
"open mic poetry at longbranch, come hang out with me","open mic poetry at longbranch, come hang out with me",52,52,0.6832806238875777,positive,1
ughh. i dont want to go to my orientation tomorrow,ughh. i dont want to go to my orientation tomorrow,50,50,0.08974762446666068,negative,0
i'd be hiding those from people bro.,i'd be hiding those from people bro.,36,36,0.7041721010820325,positive,1
"lol, the 'big one' - it's all a bit emotional","lol, the 'big one' - it's all a bit emotional",45,45,0.6080449336888137,positive,0
"saw the audition last night, great show! ict revision now","saw the audition last night, great show! ict revision now",57,57,0.4606034578240943,negative,0
planning a trip. east coast. suggestions?,planning a trip. east coast. suggestions?,41,41,0.7040647473634009,positive,1
"so sleepy, i could sleep in my baby arms allday","so sleepy, i could sleep in my baby arms allday",47,47,0.216253618527369,negative,0
i love having a fridge inside the house. now i dont have to go the garage fridge.,i love having a fridge inside the house. now i dont have to go the garage fridge.,81,81,0.4127905059892277,negative,1
hahaha i love the cello player! but i am glad you are enjoying. how far in are you?,hahaha i love the cello player! but i am glad you are enjoying. how far in are you?,83,83,0.9698772398592005,positive,1
"dammit, it's cuz i was stuck in traffic. had i been home sooner, i would have found you first.","dammit, it's cuz i was stuck in traffic. had i been home sooner, i would have found you first.",94,94,0.33561005961030854,negative,1
duggie dnt like aim`n me anymore,duggie dnt like aim`n me anymore,32,32,0.11625706025585791,negative,0
i am glad you will have a little time for r&amp;r...i know you need it! i hope your 10 hours does the trick!,i am glad you will have a little time for r&amp;r...i know you need it! i hope your 10 hours does the trick!,108,108,0.850779921728959,positive,1
this wud b the 1st tym in ma life wen even b4 d weekend starts i wud b waiting for monday!,this wud b the 1st tym in ma life wen even b4 d weekend starts i wud b waiting for monday!,90,90,0.39626206032482597,negative,0
"starbucks? i'm not even mad, i just feel bad for you. really, all that burnt coffee wasn't worth whateveryou paid for it","starbucks? i'm not even mad, i just feel bad for you. really, all that burnt coffee wasn't worth whateveryou paid for it",120,120,0.16639420364676064,negative,1
ok im alive and awake need to go see clients tomorrow too so no deep sleep for me yet.,ok im alive and awake need to go see clients tomorrow too so no deep sleep for me yet.,86,86,0.22509855697325257,negative,0
i need a good workout to kill this hangover!,i need a good workout to kill this hangover!,44,44,0.42852418734510656,negative,0
i'm ok - prob with veins is back so bedridden this evening again boo - it's cos i was carrying/playing with nephew all day,i'm ok - prob with veins is back so bedridden this evening again boo - it's cos i was carrying/playing with nephew all day,122,122,0.4140014718274248,negative,0
happy birthday to my mum,happy birthday to my mum,24,24,0.876784388138095,positive,1
hiiiii matt how are you? i love u so much and i know it xd,hiiiii matt how are you? i love u so much and i know it xd,58,58,0.9028263728805409,positive,1
ugh there is a large truck of some sort (moving van i think) behind my apt building and the smell of diesel is wafting in my window,ugh there is a large truck of some sort (moving van i think) behind my apt building and the smell of diesel is wafting in my window,131,131,0.1828233482195396,negative,0
"remember to always tweet while wearing shoes - after all, it is a working theater camp.","remember to always tweet while wearing shoes - after all, it is a working theater camp.",87,87,0.7310441679908519,positive,1
want to go home *he* is definitely trying to keep me cheered up tho,want to go home *he* is definitely trying to keep me cheered up tho,67,67,0.1368885093378527,negative,0
i'd love to but i wasn't invited.,i'd love to but i wasn't invited.,33,33,0.39622638049549197,negative,1
"the one at our house is better, though.","the one at our house is better, though.",39,39,0.6387812290922289,positive,1
i can never listen to that barry manilow song without thinking of peter mandleson. not that i listen to manilow,i can never listen to that barry manilow song without thinking of peter mandleson. not that i listen to manilow,111,111,0.6261678976398307,positive,1
haha i kno it sucks n im so tired nothin gd on tv.. ya findin jobs is shitty here so hard grr,haha i kno it sucks n im so tired nothin gd on tv.. ya findin jobs is shitty here so hard grr,93,93,0.03633741106377531,negative,0
hmmm i dunno who this person is xd bahahaha. have a good night lovey...i'll ttyl x,hmmm i dunno who this person is xd bahahaha. have a good night lovey...i'll ttyl x,82,82,0.8902296368923253,positive,1
"44197 -$300 in my checking account, over $7,500 in credit card debt, no money in my savings account, and i'm 22. i'm also genuinely happy","44197 -$300 in my checking account, over $7,500 in credit card debt, no money in my savings account, and i'm 22. i'm also genuinely happy",137,137,0.43749612364456564,negative,1
vpns suck.,vpns suck.,10,10,0.13680631688076447,negative,0
selena!thank you! how are you?you dont happen to have facebook do you? because im wiping out all the posers hope u reply,selena!thank you! how are you?you dont happen to have facebook do you? because im wiping out all the posers hope u reply,120,120,0.8853904827392236,positive,1
i really want to see boys like girls tonight!,i really want to see boys like girls tonight!,45,45,0.46515018361236043,negative,0
"haha baller!! i wish i could go shopping, but i have finals this week","haha baller!! i wish i could go shopping, but i have finals this week",69,69,0.11719908182204042,negative,0
all my twitters say from web when its from my phone how weird.. work 4-10 come see meeeeee,all my twitters say from web when its from my phone how weird.. work 4-10 come see meeeeee,90,90,0.35502088787977404,negative,1
thanks girl - i hope so too! also if they turn out alright i'll share them online ;),thanks girl - i hope so too! also if they turn out alright i'll share them online ;),84,84,0.8760421577840527,positive,1
idol will really lose so many fans if you leave..the original idol flavour and essence is just different..,idol will really lose so many fans if you leave..the original idol flavour and essence is just different..,106,106,0.42572864620078577,negative,0
yeah which really sucks for you guys. but it is awesome people like you who change peoples opinions :3 so keep showing us --,yeah which really sucks for you guys. but it is awesome people like you who change peoples opinions :3 so keep showing us --,124,124,0.5419222035402519,positive,0
"just got my nails done and in two says ill be in brooklyn, cant wait!!!","just got my nails done and in two says ill be in brooklyn, cant wait!!!",71,71,0.8097618391824272,positive,1
hi love!! i miss you and need to see you!!,hi love!! i miss you and need to see you!!,42,42,0.539084798231214,positive,0
"got coffee, dave ramsey playing and will listen to glenn beck in a little while. got a job and life is good","got coffee, dave ramsey playing and will listen to glenn beck in a little while. got a job and life is good",107,107,0.9404855496348318,positive,1
good morning luis. wish you a happy day.,good morning luis. wish you a happy day.,40,40,0.8773921734610327,positive,1
archery was fun. so glad hollie didnt mess up today i just watched it on itv she is amazing i want her 2 win. dont like susan boyle tho,archery was fun. so glad hollie didnt mess up today i just watched it on itv she is amazing i want her 2 win. dont like susan boyle tho,135,135,0.37921632958124035,negative,0
that was lovely. now i think i will enjoy another of gods wondrous creations - sleep! night all,that was lovely. now i think i will enjoy another of gods wondrous creations - sleep! night all,95,95,0.8812800929746002,positive,1
"the trials of having a special needs baby ;) ugh, sorry it isn't the great day at the beach you were dreaming of","the trials of having a special needs baby ;) ugh, sorry it isn't the great day at the beach you were dreaming of",112,112,0.2532797970155749,negative,0
is going to watch some 'devil wears prada' before bed,is going to watch some 'devil wears prada' before bed,53,53,0.7399780671362655,positive,1
yeah - i'm a twit like you!,yeah - i'm a twit like you!,27,27,0.92237509243991,positive,1
"hurt my leg (the one that was least hurt last time) on my bike again today. wtf, self? my love affair with my bike is clearly one-sided","hurt my leg (the one that was least hurt last time) on my bike again today. wtf, self? my love affair with my bike is clearly one-sided",135,135,0.13378173908533092,negative,0
...lol yea i gotta drink a sparks b4 the movie.... hope i stay awake this time,...lol yea i gotta drink a sparks b4 the movie.... hope i stay awake this time,78,78,0.7623388965530983,positive,1
"'ready2move?' video contest is officially over! winners will be announced in a couple days, thanks to everyone who participated!!","'ready2move?' video contest is officially over! winners will be announced in a couple days, thanks to everyone who participated!!",129,129,0.7600819112662583,positive,0
"awww, what's up?","awww, what's up?",16,16,0.4064879850866599,negative,0
"bright magenta. once a photo was taken of mine &amp; it was black. freaky, but told it's all colors absorbed. i'll believe","bright magenta. once a photo was taken of mine &amp; it was black. freaky, but told it's all colors absorbed. i'll believe",122,122,0.6890895344039026,positive,1
omg omg omg im soooooo happy u won i like screamed u deserved to win,omg omg omg im soooooo happy u won i like screamed u deserved to win,68,68,0.5988033621219113,positive,1
tired... so tired... tired of work... tired of life in need of money or a long holiday on a beach,tired... so tired... tired of work... tired of life in need of money or a long holiday on a beach,97,97,0.08758841263683151,negative,0
bless your heart brocka! because you just blessed mine! thank you! i love you!,bless your heart brocka! because you just blessed mine! thank you! i love you!,78,78,0.9857265858613335,positive,1
i want some pistachio ice cream;but all those sugary calories will probably kill my diet....,i want some pistachio ice cream;but all those sugary calories will probably kill my diet....,92,92,0.2347579582940064,negative,0
"my new online life can start, i am the proud owner of a adp1","my new online life can start, i am the proud owner of a adp1",60,60,0.7410116141495172,positive,1
"greatly relieved that erin is getting better, but now thoughts are with jack. these poor kids","greatly relieved that erin is getting better, but now thoughts are with jack. these poor kids",93,93,0.34112498490876375,negative,0
"gabe newell, managing director of valve (makers of half-life et al) plays wow on a 42 inch monitor","gabe newell, managing director of valve (makers of half-life et al) plays wow on a 42 inch monitor",98,98,0.6916507021800224,positive,1
"why is this keep happening to me? that call's so last minute.. really wanted to experience training at tgif,.","why is this keep happening to me? that call's so last minute.. really wanted to experience training at tgif,.",109,109,0.09070245579665408,negative,0
"hey! aks rove how he would build the grassroots for gop, give us girls on smartgirlpolitics.com an inside track! thx","hey! aks rove how he would build the grassroots for gop, give us girls on smartgirlpolitics.com an inside track! thx",116,116,0.901581779530586,positive,1
"and you get to see stacey, you turd i hate you","and you get to see stacey, you turd i hate you",46,46,0.5872622576949249,positive,0
love they look sooo cute together,love they look sooo cute together,33,33,0.9146107255253823,positive,1
"back under the stairs, your safe.","back under the stairs, your safe.",33,33,0.8069918809293772,positive,1
ì­ì ì§ë¦ì ì? ì íì¼ë¡ ê°ë¦¼íì ë¤ì£ . í 7ë  ì ì ì?¸ë?¼ì?¸ì?´ ê·¸ë¬ëë?°. ë¹ì ê³ ê°ì?´ë? ì íë¤ì? ìì¦ ë³´ë xê°ì?´ë?ë?¼ê³ ì. ì´ì© ë¯¸ë²¨ë? ëª ë  íì?ë... *_*,ì­ì ì§ë¦ì ì? ì íì¼ë¡ ê°ë¦¼íì ë¤ì£ . í 7ë  ì ì ì?¸ë?¼ì?¸ì?´ ê·¸ë¬ëë?°. ë¹ì ê³ ê°ì?´ë? ì íë¤ì? ìì¦ ë³´ë xê°ì?´ë?ë?¼ê³ ì. ì´ì© ë¯¸ë²¨ë? ëª ë  íì?ë... *_*,205,205,0.8096555219125757,positive,1
"i had a niiiiiice large coke. then, i just had to fall asleep, and it got all watery.","i had a niiiiiice large coke. then, i just had to fall asleep, and it got all watery.",85,85,0.23503593124614022,negative,0
guess it would help if i'd fix the link to the mp3 file so actually worked...,guess it would help if i'd fix the link to the mp3 file so actually worked...,77,77,0.4541982030970366,negative,0
0ffs to a part33z wif mi frenz toomorrow. cannot simply just wait! hopes it doesn't rainz tho......,0ffs to a part33z wif mi frenz toomorrow. cannot simply just wait! hopes it doesn't rainz tho......,99,99,0.14410062709351282,negative,0
2day's 6/16..he leaves in less then a month,2day's 6/16..he leaves in less then a month,43,43,0.3592893904371169,negative,0
we always agree off to the first story of my house to bond with my parents. ive grown quite tired of sitting in my room,we always agree off to the first story of my house to bond with my parents. ive grown quite tired of sitting in my room,119,119,0.5183682020214405,positive,1
whoot!!,whoot!!,7,7,0.7507074362699659,positive,1
"hey, how are you? nice to meet another bjj lady","hey, how are you? nice to meet another bjj lady",47,47,0.9663752644459981,positive,1
i now officially own a rainbow feather boa,i now officially own a rainbow feather boa,42,42,0.7427164031761084,positive,1
"video: recyclable: oh no! iâm so sorry to hear that, sarah","video: recyclable: oh no! iâm so sorry to hear that, sarah",60,60,0.01830792287502192,negative,0
"i'm sorry for farrah fawcett ,she dies at 62 years","i'm sorry for farrah fawcett ,she dies at 62 years",50,50,0.13608594077653552,negative,0
"hahah it iss a motha fuckin plaan :o youuu never texted me back, as usuaaal! andd i've been being nice!","hahah it iss a motha fuckin plaan :o youuu never texted me back, as usuaaal! andd i've been being nice!",103,103,0.35614516869722707,negative,0
plusnet have got authentication problems. my home web sites are down,plusnet have got authentication problems. my home web sites are down,68,68,0.183079344116679,negative,0
...that wont turn up til saturday,...that wont turn up til saturday,33,33,0.19259494212968936,negative,0
"it is a very hot day, trying to arrange a flight back to my home base","it is a very hot day, trying to arrange a flight back to my home base",69,69,0.34093037542911964,negative,0
offcourse informed me that the next one will carrie my name erika isnt it great i will visit the us lmao xx,offcourse informed me that the next one will carrie my name erika isnt it great i will visit the us lmao xx,107,107,0.7092929036053702,positive,1
owww meanieee ;),owww meanieee ;),16,16,0.342608976036939,negative,0
wow. all of those words were cognates.,wow. all of those words were cognates.,38,38,0.6280021462074871,positive,1
"so jealous, i never got to feel an eq when i lived in socal. these things always happen after i leave a state!","so jealous, i never got to feel an eq when i lived in socal. these things always happen after i leave a state!",110,110,0.06642278329367227,negative,0
i feel like i finally found my long lost friend and she was too busy for me tear,i feel like i finally found my long lost friend and she was too busy for me tear,80,80,0.12427453689685125,negative,0
both sports (sync'd drinking and tiddlywinks to be practised at friday's party,both sports (sync'd drinking and tiddlywinks to be practised at friday's party,78,78,0.7322884442533228,positive,1
"cloudy in des moines today. looks like a winter seattle sky, where i wish i was.","cloudy in des moines today. looks like a winter seattle sky, where i wish i was.",80,80,0.054226807559462825,negative,0
i haven't felt this way for a long time,i haven't felt this way for a long time,39,39,0.4518863862633861,negative,1
nice ! my twitter porn name is crap. it's very masculine.,nice ! my twitter porn name is crap. it's very masculine.,57,57,0.6729416768800442,positive,0
yep yep,yep yep,7,7,0.726753824544043,positive,1
"what did u get up to then? where u going today? enjoy the sun, i'm not @ work can't wait for 7pm!!!","what did u get up to then? where u going today? enjoy the sun, i'm not @ work can't wait for 7pm!!!",99,99,0.6061988308778719,positive,0
is about to go to school,is about to go to school,24,24,0.31656109424238643,negative,0
"well, apparently, any flaws in ga are user error","well, apparently, any flaws in ga are user error",48,48,0.32073286194982514,negative,1
darn can someone finish it off for you?,darn can someone finish it off for you?,39,39,0.28946499668560727,negative,0
lol ..... my dear friend u can still call me angela,lol ..... my dear friend u can still call me angela,51,51,0.5462241343131224,positive,1
come to montreal miles we love you here lmao you're everywhere ;),come to montreal miles we love you here lmao you're everywhere ;),65,65,0.8744423120844667,positive,0
morning tweeps. since there's no concept of sport on the television in this house i'll be relying on you all for f1 updates. tia,morning tweeps. since there's no concept of sport on the television in this house i'll be relying on you all for f1 updates. tia,128,128,0.684416243866333,positive,1
it's too bad how i came to know a person inside out!,it's too bad how i came to know a person inside out!,52,52,0.21917030334567456,negative,0
cupcake sounds like a good idea right now. i need sugar after trademe-washing machine link made me cry.,cupcake sounds like a good idea right now. i need sugar after trademe-washing machine link made me cry.,103,103,0.3222858787974755,negative,1
watching degrassi on the n. missing drake on here,watching degrassi on the n. missing drake on here,49,49,0.2345923718688565,negative,0
i feel ya on that one. i'm trying for a lost cause practically.,i feel ya on that one. i'm trying for a lost cause practically.,63,63,0.18970607753402463,negative,0
i miss george carlin,i miss george carlin,20,20,0.10860235299649526,negative,0
with my cousin dana. having fun!,with my cousin dana. having fun!,32,32,0.8825559859765532,positive,1
dont wanna go to school tomoz got exams all week yuck ! ! ! ! ! ! !,dont wanna go to school tomoz got exams all week yuck ! ! ! ! ! ! !,67,67,0.033037970229778245,negative,0
thanks for ff mate - appreciated,thanks for ff mate - appreciated,32,32,0.971417547236052,positive,1
thanks babe! i put you up too.,thanks babe! i put you up too.,30,30,0.8548673966508358,positive,1
thank you! hows baby bee?? still splashing about in the paddling pool?? x,thank you! hows baby bee?? still splashing about in the paddling pool?? x,73,73,0.8646245519193939,positive,1
my stomach is killing me,my stomach is killing me,24,24,0.04148972806146845,negative,0
playing the wii and listening to music,playing the wii and listening to music,38,38,0.8955779207961969,positive,1
is watching twilight with commentary! rob is so funny.,is watching twilight with commentary! rob is so funny.,54,54,0.9210385208670445,positive,1
": owh, is it? i'm glad that you like to be friend with me.",": owh, is it? i'm glad that you like to be friend with me.",58,58,0.9117127972833199,positive,1
my phone is brokeded. i wuvs my phone.,my phone is brokeded. i wuvs my phone.,38,38,0.1670236467173895,negative,0
"bridal shower was great, mom and i won all but 1 bridal game lol. now off to the graduation cook out!!! 90+ degrees outside","bridal shower was great, mom and i won all but 1 bridal game lol. now off to the graduation cook out!!! 90+ degrees outside",123,123,0.596543986577393,positive,0
i know! do i get a lollypop,i know! do i get a lollypop,27,27,0.45281720012535165,negative,1
that's my mama's motherland and 'tis her birthday today too,that's my mama's motherland and 'tis her birthday today too,59,59,0.7842082674504787,positive,1
does it look like her? o.o?! well study hard! i hope you do amazing on your ap test! ^^,does it look like her? o.o?! well study hard! i hope you do amazing on your ap test! ^^,87,87,0.71526779834485,positive,1
there was an article somewhere that described the stages of twitter acceptance. it was pretty cool.,there was an article somewhere that described the stages of twitter acceptance. it was pretty cool.,99,99,0.8180700098855641,positive,1
yo its amd nice out and i gotta stay in the house,yo its amd nice out and i gotta stay in the house,49,49,0.7246921414141638,positive,0
will do...,will do...,10,10,0.9068713073678326,positive,1
i like to go to the internet to twit all day long!,i like to go to the internet to twit all day long!,50,50,0.5730893252451854,positive,1
oh what a beautiful morning and brekky in bed,oh what a beautiful morning and brekky in bed,45,45,0.8478473836013481,positive,1
"crap! the western digital portable hard drives at best buy were $129 yesterday, and are $179 today","crap! the western digital portable hard drives at best buy were $129 yesterday, and are $179 today",98,98,0.2560210270685573,negative,0
"a pen just leaked all over my hands , i just wish it could have been a prettier color","a pen just leaked all over my hands , i just wish it could have been a prettier color",85,85,0.11489623479282662,negative,0
rova is sub burnt from the weekend...mommy forgot her sunscreen,rova is sub burnt from the weekend...mommy forgot her sunscreen,63,63,0.16808232156579433,negative,0
thanks!!!,thanks!!!,9,9,0.9981194578994557,positive,1
i am sad its bad weather in germany,i am sad its bad weather in germany,35,35,0.04247764721515046,negative,0
i just updated my twitter's design. photo by yours truly ^^,i just updated my twitter's design. photo by yours truly ^^,59,59,0.8475273764185267,positive,1
"i really don't feel like working today, it'll be a total bummer! oh well","i really don't feel like working today, it'll be a total bummer! oh well",72,72,0.035902819749643176,negative,0
im stuffed up too...dont know what im allergic to though.,im stuffed up too...dont know what im allergic to though.,57,57,0.1041648627799796,negative,0
i love the red-and-white hat of the cat in the hat. wish i had one!,i love the red-and-white hat of the cat in the hat. wish i had one!,67,67,0.6013799872930665,positive,1
"so sad... i'm beginning to be afraid the plane, and i don't know how i'm going to atlanta to look for ciara swiming..","so sad... i'm beginning to be afraid the plane, and i don't know how i'm going to atlanta to look for ciara swiming..",117,117,0.04454343269446848,negative,0
thanks all the kind words,thanks all the kind words,25,25,0.9179130633693529,positive,1
im so bored rite now......wrkin on sunday is the worst..its soo dead in the store,im so bored rite now......wrkin on sunday is the worst..its soo dead in the store,81,81,0.02612085633968347,negative,0
im bo yo reminds me of summer..,im bo yo reminds me of summer..,31,31,0.50029581223842,positive,0
yes i think so ot again.,yes i think so ot again.,24,24,0.6224786340367854,positive,0
is sooo looking forward to seeing the dentist today.,is sooo looking forward to seeing the dentist today.,52,52,0.3528869582387524,negative,0
nobody is here to enjoy with me this great day...,nobody is here to enjoy with me this great day...,49,49,0.6465071391668364,positive,0
"5,00 am ..... cant sleep! kind of sick!","5,00 am ..... cant sleep! kind of sick!",39,39,0.03008704150304497,negative,0
you look like how i felt,you look like how i felt,24,24,0.43911116684858675,negative,0
so does that mean that i have to party every 10:02? good idea,so does that mean that i have to party every 10:02? good idea,61,61,0.7843041320376593,positive,1
now in line for the famous leng kee beef kuay teow! 11ppl ahead of me but fr experience it's always been worth the wait!,now in line for the famous leng kee beef kuay teow! 11ppl ahead of me but fr experience it's always been worth the wait!,120,120,0.529981516907165,positive,0
couple more for tweetdeck list: and my own,couple more for tweetdeck list: and my own,42,42,0.6603617199106065,positive,1
"c u wed!! u never say hello on here loved something for the weekend, talk about pot &amp; get drunk, thats the dan we love!!","c u wed!! u never say hello on here loved something for the weekend, talk about pot &amp; get drunk, thats the dan we love!!",124,124,0.9313293389171255,positive,0
"thanks for calling. my phone was at the other end of the house. wow, that was ugly. thank god that's not her name!","thanks for calling. my phone was at the other end of the house. wow, that was ugly. thank god that's not her name!",114,114,0.5310685768647105,positive,1
"and let religious folks get &quot;married&quot; still, if straights get it i deserve the same rights. cali queer here still not married.","and let religious folks get &quot;married&quot; still, if straights get it i deserve the same rights. cali queer here still not married.",136,136,0.3818917095085596,negative,0
i know! was so sad i missed it!,i know! was so sad i missed it!,31,31,0.0073772188817014155,negative,0
there has to be something toxic in the air because everyone is having relationship problems or they're sick!,there has to be something toxic in the air because everyone is having relationship problems or they're sick!,108,108,0.1577476433653992,negative,0
"10 laps to go and it looks like another win for button is in the bag shame about barrichello though, the race is over for him","10 laps to go and it looks like another win for button is in the bag shame about barrichello though, the race is over for him",125,125,0.18145763697300554,negative,1
me too luv muffin! i felt like a loserrrrr but i had to get some assignments done. i can't wait to next weekend anyway,me too luv muffin! i felt like a loserrrrr but i had to get some assignments done. i can't wait to next weekend anyway,118,118,0.5019668523123804,positive,0
i've just got back from the girl that i am seeings house. got to leave her on saturday though,i've just got back from the girl that i am seeings house. got to leave her on saturday though,93,93,0.3492907152776356,negative,0
i wanna go back to sleep!! wahh!!!,i wanna go back to sleep!! wahh!!!,34,34,0.11633832023711367,negative,0
just put my heating on!! i'm bloody freezing!!! brrrrrrrrrr! where's the nice sun gone,just put my heating on!! i'm bloody freezing!!! brrrrrrrrrr! where's the nice sun gone,86,86,0.236325060736392,negative,0
ust reported on iranian state tv by police chief: any gathering in forbidden and will be &quot;dealt with&quot; iranelection,ust reported on iranian state tv by police chief: any gathering in forbidden and will be &quot;dealt with&quot; iranelection,124,124,0.47646096741113114,negative,0
aparently he has the day off but will be back tommorrow,aparently he has the day off but will be back tommorrow,55,55,0.5961098250516506,positive,1
agreed... i hate it,agreed... i hate it,19,19,0.14205483208352357,negative,0
buenos dias! yay is friday! woke up feeling like yeeeeeeeeee! ha! much luv to all u twitterlovers!,buenos dias! yay is friday! woke up feeling like yeeeeeeeeee! ha! much luv to all u twitterlovers!,98,98,0.7645546070119651,positive,1
in the theater waitin for up to start. so excited! i'm like a little kid right now!,in the theater waitin for up to start. so excited! i'm like a little kid right now!,83,83,0.7487434376202308,positive,1
on babysitting duties why oh why do i volunteer myself fot this torture????,on babysitting duties why oh why do i volunteer myself fot this torture????,75,75,0.13601254268265356,negative,0
"ugh, i am going to die! hangovers suck when 1) its a beautiful day and 2) i have a paper to write","ugh, i am going to die! hangovers suck when 1) its a beautiful day and 2) i have a paper to write",97,97,0.1636854379398509,negative,0
you fail at life,you fail at life,16,16,0.5226745834097076,positive,1
"k, the hangover is a great movie for those wondering. unfortunately my own hangovers are not so comical","k, the hangover is a great movie for those wondering. unfortunately my own hangovers are not so comical",103,103,0.6009304324812416,positive,1
"sounds good i have to clean the piggys put a a rats. may play on the wii abit, bit of wii fit, and sort out my make up! whoo!!","sounds good i have to clean the piggys put a a rats. may play on the wii abit, bit of wii fit, and sort out my make up! whoo!!",126,126,0.809123809908565,positive,1
just woke up after sleepin for 4 hrs.. reason : attended reliance session today,just woke up after sleepin for 4 hrs.. reason : attended reliance session today,79,79,0.5695593243951828,positive,0
hit the stick on my chip and didn't go in! four pars to start.,hit the stick on my chip and didn't go in! four pars to start.,62,62,0.1953737852908229,negative,0
oh awesome. have you seen them before? they put on an amaaazing live show!,oh awesome. have you seen them before? they put on an amaaazing live show!,74,74,0.829933320807918,positive,1
iconfess.. i have insecurity issues,iconfess.. i have insecurity issues,35,35,0.138385862403637,negative,0
"i am starting the 100 pushup challenge, i am in column 3, very proud of that","i am starting the 100 pushup challenge, i am in column 3, very proud of that",76,76,0.8116821929681067,positive,1
wow its busy here today hi everyone -,wow its busy here today hi everyone -,37,37,0.7826161721325039,positive,1
i have a brand new nokia nseries phone next to me... this makes me happy.,i have a brand new nokia nseries phone next to me... this makes me happy.,73,73,0.741990159422126,positive,1
grounded,grounded,8,8,0.41574925257739864,negative,0
that was soooo yesterday lol,that was soooo yesterday lol,28,28,0.5478032271746466,positive,1
lovehatedreamslifeworkplayfriendshipsex ....thats pretty much me!!!,lovehatedreamslifeworkplayfriendshipsex ....thats pretty much me!!!,67,67,0.6416499392868407,positive,1
"lol. my brother is a huge supporter of united - me, couldn't care less who effing wins","lol. my brother is a huge supporter of united - me, couldn't care less who effing wins",86,86,0.7004221884439213,positive,1
i...... bought shoes.,i...... bought shoes.,21,21,0.8100033324201916,positive,0
happy mother's day!,happy mother's day!,19,19,0.9639608977008233,positive,1
quick q - the 88~89 gts tach/speed cluster should be the same as one from the 91 year correct? trying to track down some wiring ghosts.,quick q - the 88~89 gts tach/speed cluster should be the same as one from the 91 year correct? trying to track down some wiring ghosts.,135,135,0.5100607337465147,positive,0
what are all the tourists doing here? am i in milano or roma? feels like.,what are all the tourists doing here? am i in milano or roma? feels like.,73,73,0.5617893214320608,positive,1
crappie softie.. don't they know that a social networking site is for all humans ? not just micro-humans ?,crappie softie.. don't they know that a social networking site is for all humans ? not just micro-humans ?,106,106,0.5093661520231179,positive,1
at work ...again! thankful that god sent some much needed rain for my garden and flowers,at work ...again! thankful that god sent some much needed rain for my garden and flowers,88,88,0.6395338502568437,positive,1
white russians? get back to us when you have run out of milk...,white russians? get back to us when you have run out of milk...,63,63,0.4507037855861998,negative,1
poor mitch. ashley!,poor mitch. ashley!,19,19,0.12059173151036465,negative,0
drake! i love your music. not to mention drake and josh. and where is josh? he doesn't have a twitter?,drake! i love your music. not to mention drake and josh. and where is josh? he doesn't have a twitter?,102,102,0.6048070009927073,positive,0
in a good mood! you know just saying lol. ;p,in a good mood! you know just saying lol. ;p,44,44,0.8966074581076485,positive,1
doesn't look like beach weather outside,doesn't look like beach weather outside,39,39,0.15000135755763924,negative,0
this weather is so unpredictable....,this weather is so unpredictable....,36,36,0.28800352150014213,negative,0
none other than that. i'll report it when i find it.,none other than that. i'll report it when i find it.,52,52,0.5605899718368978,positive,1
"hi, i`m just open my twitter account.. wii","hi, i`m just open my twitter account.. wii",42,42,0.7896549477145995,positive,1
i wish i were at home at the moment. i need my mom...,i wish i were at home at the moment. i need my mom...,53,53,0.0615378639703283,negative,0
hates that buses don't run on sundays,hates that buses don't run on sundays,37,37,0.21776847820218553,negative,0
maybe he's drinking beer at the bar as usual lol,maybe he's drinking beer at the bar as usual lol,48,48,0.8115500312551178,positive,1
i had a dream i saw my first teacher crush again and fell in love with him all over again. tried to find him on tinternets but no joy,i had a dream i saw my first teacher crush again and fell in love with him all over again. tried to find him on tinternets but no joy,133,133,0.07716016749034425,negative,0
"ugh, i always miss the epic stuff!","ugh, i always miss the epic stuff!",34,34,0.044250773726660246,negative,0
the house with the pool on allen road has put rubber duckies in the water,the house with the pool on allen road has put rubber duckies in the water,73,73,0.7469508326164207,positive,1
congrats on the cleared basement floor!,congrats on the cleared basement floor!,39,39,0.8584310809991414,positive,1
love that movie couchie was even crying haha,love that movie couchie was even crying haha,44,44,0.7435457225417932,positive,1
first suggestion is to correct the typo in the blog - it says &quot;three weeks of this blog&quot; instead of &quot;three years ..&quot;,first suggestion is to correct the typo in the blog - it says &quot;three weeks of this blog&quot; instead of &quot;three years ..&quot;,136,136,0.7546635258579519,positive,1
sad face. have fun at e3!,sad face. have fun at e3!,25,25,0.07395389875603293,negative,0
why is your skype in cranky mode?,why is your skype in cranky mode?,33,33,0.3388526669076866,negative,0
morning lynnrachel ..have a good day,morning lynnrachel ..have a good day,36,36,0.968719387888486,positive,1
once again...being gayed all over by mario party 8. fuck this game,once again...being gayed all over by mario party 8. fuck this game,66,66,0.2507663506878755,negative,0
thank uuuuu,thank uuuuu,11,11,0.9825327010232393,positive,1
wishes finding friends in twitter would be as easy as in facebook,wishes finding friends in twitter would be as easy as in facebook,65,65,0.6611835795675505,positive,0
"haha, me too.20 mre mins.lol!ai will start a bit soon.aahha","haha, me too.20 mre mins.lol!ai will start a bit soon.aahha",59,59,0.8312732535978601,positive,1
she has her damn tweets protected ahah yeaah i might start a search for him ahaha,she has her damn tweets protected ahah yeaah i might start a search for him ahaha,81,81,0.43210344331355943,negative,0
thx for your encouraging tweets today!,thx for your encouraging tweets today!,38,38,0.8910385123772622,positive,1
thanks for following nice meeting you,thanks for following nice meeting you,37,37,0.9853753941184223,positive,1
good morning good morning good morning to you! wie wars gestern noch?,good morning good morning good morning to you! wie wars gestern noch?,69,69,0.963162335396311,positive,1
that was a great phone call earlier... (not!) i now don't have a job and my last day at work is monday,that was a great phone call earlier... (not!) i now don't have a job and my last day at work is monday,102,102,0.09900016100380582,negative,0
got to hang out with lyle tuttle and chris longo.,got to hang out with lyle tuttle and chris longo.,49,49,0.6325809564794433,positive,1
"i had a panel decide to keep or toss clothes, me retaining veto power. there were a lot of hard decisions in that shoe bag.","i had a panel decide to keep or toss clothes, me retaining veto power. there were a lot of hard decisions in that shoe bag.",123,123,0.2954646619252426,negative,0
youï¿½ve got mail,youï¿½ve got mail,17,17,0.6626283756336292,positive,1
- i would like be there,- i would like be there,23,23,0.532166592556189,positive,0
morning o gobby northen girl,morning o gobby northen girl,28,28,0.9441649598564744,positive,1
i like the way your mind thinks .. your thoughts and ideas entertain me,i like the way your mind thinks .. your thoughts and ideas entertain me,71,71,0.8743078021242993,positive,1
"poor talia, she is so sad about leaving the burgh...wish she wasn't","poor talia, she is so sad about leaving the burgh...wish she wasn't",67,67,0.003334147903886685,negative,0
"jiayou! (word of encouragement, i.e. keep it up! in mandarin)","jiayou! (word of encouragement, i.e. keep it up! in mandarin)",61,61,0.7337162456568775,positive,1
hey ... scrap the grunge look idea for site...just had postcard rejected &quot;don't like grunge&quot;,hey ... scrap the grunge look idea for site...just had postcard rejected &quot;don't like grunge&quot;,102,102,0.47361065588040885,negative,0
did some more work on dig dug. can get to level 16 without dying now mega man tomorrow after work. goal: 2 levels in 5 minutes,did some more work on dig dug. can get to level 16 without dying now mega man tomorrow after work. goal: 2 levels in 5 minutes,126,126,0.361041122262974,negative,1
is going on a picnic,is going on a picnic,20,20,0.6563096753650997,positive,1
oh ok i always wondered how that worked. i only have the top of my ear done. i dont think i could get anything else pierced,oh ok i always wondered how that worked. i only have the top of my ear done. i dont think i could get anything else pierced,123,123,0.28710772738429374,negative,1
...degrees... had dinner with my friends from high school-- 4 of them are with degrees without jobs.,...degrees... had dinner with my friends from high school-- 4 of them are with degrees without jobs.,100,100,0.45777553809956967,negative,0
i hate being in my house without my hubby!,i hate being in my house without my hubby!,42,42,0.06838018717516034,negative,0
playing haloooo 3 with my little bro. missed this,playing haloooo 3 with my little bro. missed this,49,49,0.5458652669968129,positive,1
"jus got bak 2da crib, got ma lil bro ova i missed u izzy","jus got bak 2da crib, got ma lil bro ova i missed u izzy",56,56,0.38488838283147886,negative,1
for followfriday: some newbies! welcome them! they need some twitter lovin'.,for followfriday: some newbies! welcome them! they need some twitter lovin'.,76,76,0.9216112772925982,positive,1
thank you very much for your help with the tin. sorry for the late reply,thank you very much for your help with the tin. sorry for the late reply,72,72,0.7503675900244197,positive,0
i just got my phone back!! and i can use the computor again,i just got my phone back!! and i can use the computor again,59,59,0.3782292691191396,negative,1
mafro,mafro,5,5,0.610322884606758,positive,0
"no, i'm not really ok with the hard. there's too much at once, i really need a hug thank you for the caring!","no, i'm not really ok with the hard. there's too much at once, i really need a hug thank you for the caring!",108,108,0.39449995473491706,negative,0
i just saw a lady that made me wish my facial hair grew like hers. she puts me to shame ...,i just saw a lady that made me wish my facial hair grew like hers. she puts me to shame ...,91,91,0.09959848595255512,negative,0
"oh, i'm just fannying about my flat listening to elton john","oh, i'm just fannying about my flat listening to elton john",59,59,0.6696457605439087,positive,1
new post on bombeye! woop! more to come tonight,new post on bombeye! woop! more to come tonight,47,47,0.7981881719526434,positive,1
"have a safe trip to italy charice!!! looking forward to your performance there, again!","have a safe trip to italy charice!!! looking forward to your performance there, again!",86,86,0.6910917841854992,positive,1
its awesome watching eligh fall asleep holding his lil baby cast aww i still cant believe his hand is broke poor baby,its awesome watching eligh fall asleep holding his lil baby cast aww i still cant believe his hand is broke poor baby,117,117,0.08814494362870279,negative,0
is dreading english and geog tomorrow,is dreading english and geog tomorrow,37,37,0.19311298740700839,negative,0
has done his nice guy duty for the day. on my way to work.,has done his nice guy duty for the day. on my way to work.,58,58,0.45725606939455565,negative,0
migraine meds aren't working. have to &quot;work&quot; 11-7 and i feel like i'm going to pass out. not allowed to eat there either. great,migraine meds aren't working. have to &quot;work&quot; 11-7 and i feel like i'm going to pass out. not allowed to eat there either. great,137,137,0.17433578029895022,negative,0
back to bã¼dipest..,back to bã¼dipest..,19,19,0.23482827870308537,negative,0
"you shine so bright it's insane, you put the sun to shame","you shine so bright it's insane, you put the sun to shame",57,57,0.6879835065256662,positive,1
thanks so much for the support!,thanks so much for the support!,31,31,0.9045802332849585,positive,1
yah. have fun at work. i'll text you later. ---&gt;miss hollwood&lt;---,yah. have fun at work. i'll text you later. ---&gt;miss hollwood&lt;---,71,71,0.49769780614720216,negative,1
chillin with potts and remy. pool plans cancelled.,chillin with potts and remy. pool plans cancelled.,50,50,0.48887366502244306,negative,0
"thinks twitter isn't getting her texts. also, she thinks it's hilarious that he esteems himself so highly.","thinks twitter isn't getting her texts. also, she thinks it's hilarious that he esteems himself so highly.",106,106,0.5795622236350985,positive,0
: i will call her 2mrw i work @ the mtv building i think i know her ill hit u u 2mrw via email. directmess me ;) thankx,: i will call her 2mrw i work @ the mtv building i think i know her ill hit u u 2mrw via email. directmess me ;) thankx,119,119,0.46848468663588044,negative,1
fuckin shit man i cant find my lyric book,fuckin shit man i cant find my lyric book,41,41,0.05257103852134051,negative,0
"says been busy with home schooling, i've neglected my farm...","says been busy with home schooling, i've neglected my farm...",61,61,0.3370513402940901,negative,0
"ha! kidding! just hugged . i love you, fool!","ha! kidding! just hugged . i love you, fool!",44,44,0.9269946671930889,positive,1
off for a walk through the country lanes with princess and clare for dinner at the local country pub couldn't get much better,off for a walk through the country lanes with princess and clare for dinner at the local country pub couldn't get much better,125,125,0.7052838583662995,positive,1
trying to find a little red wagon for my dad for father's day lol...toys r us had them but were to exspensive,trying to find a little red wagon for my dad for father's day lol...toys r us had them but were to exspensive,109,109,0.2602686198089499,negative,0
first tweet via pantech dueoooo,first tweet via pantech dueoooo,31,31,0.9055102893726008,positive,1
just put my little step daughter to bed for the night,just put my little step daughter to bed for the night,53,53,0.8280773625484478,positive,1
i'm rlly rlly mad at my mom! i hate where i live tooo!!!,i'm rlly rlly mad at my mom! i hate where i live tooo!!!,56,56,0.1010719645250253,negative,0
anything good going on 2morro in the a area?? hit me up if any1 knows,anything good going on 2morro in the a area?? hit me up if any1 knows,69,69,0.6296547640991683,positive,0
- when i get bored on a friday night.. i create,- when i get bored on a friday night.. i create,47,47,0.4324717736782087,negative,1
matt is singing&quot; if you not the one&quot;. i though of you,matt is singing&quot; if you not the one&quot;. i though of you,63,63,0.6867824903955189,positive,0
i knew you'd love it,i knew you'd love it,20,20,0.9330667044467522,positive,1
re-pinging : like this? --- exactly like that,re-pinging : like this? --- exactly like that,45,45,0.7498548500530576,positive,1
"circadian rhythm = messed up. why? - done in five hours also, cronikeys.com - what should it be?","circadian rhythm = messed up. why? - done in five hours also, cronikeys.com - what should it be?",96,96,0.5267512977328453,positive,1
this rain isn't any fun,this rain isn't any fun,23,23,0.17857318861102317,negative,0
i'm not cocky.,i'm not cocky.,14,14,0.14647432181650175,negative,0
just woke up. gonna go take some more maalox. uggghhh... i hate this stinkin' gerd!,just woke up. gonna go take some more maalox. uggghhh... i hate this stinkin' gerd!,83,83,0.43836579401420495,negative,0
you're welcome,you're welcome,14,14,0.9839232976580046,positive,1
nadal fucking own this bastard ! ! !,nadal fucking own this bastard ! ! !,36,36,0.2722171392138354,negative,0
it's called &quot;she's gotta have them!&quot; it's a fun romp until the end.,it's called &quot;she's gotta have them!&quot; it's a fun romp until the end.,77,77,0.5994186465922371,positive,0
is completely exhausted.,is completely exhausted.,24,24,0.21717453050774332,negative,0
on the bus going site seeing night at the museum 2 tonight,on the bus going site seeing night at the museum 2 tonight,58,58,0.6285011028205773,positive,1
"if you feel like it, check out this picture i posted on the orbmore forums:","if you feel like it, check out this picture i posted on the orbmore forums:",75,75,0.8020523934156621,positive,1
headed to eastside medical for my grandmothers surgery..,headed to eastside medical for my grandmothers surgery..,56,56,0.3530084576232505,negative,0
and after the darkness comes the dawn how old is your daughter?,and after the darkness comes the dawn how old is your daughter?,63,63,0.8070430186279877,positive,1
wien airport. i still dont know what to get for daddy,wien airport. i still dont know what to get for daddy,53,53,0.07598011058760866,negative,0
it's not fair that i keep my silence but you can blame me for my flaws...giving me the silent treatment even...,it's not fair that i keep my silence but you can blame me for my flaws...giving me the silent treatment even...,111,111,0.1866082271884011,negative,0
i think i'm gonna hurl. i'm not feeling so well now.,i think i'm gonna hurl. i'm not feeling so well now.,52,52,0.1492772472961001,negative,0
"i blow dried my shoes using the hand drier in the bathroom, but theyre wet again","i blow dried my shoes using the hand drier in the bathroom, but theyre wet again",80,80,0.3375286772984206,negative,0
- me and quin! no picture when i met dan and bert..,- me and quin! no picture when i met dan and bert..,51,51,0.4330067048309902,negative,0
seriously upset over something so stupid. or not stupid. i'm not sure. i'm just fucking sad i missed him.,seriously upset over something so stupid. or not stupid. i'm not sure. i'm just fucking sad i missed him.,105,105,0.007777967116491751,negative,0
"yall papi is a gimp for the week... one of jas friends sprained is leg, my baby is crippled","yall papi is a gimp for the week... one of jas friends sprained is leg, my baby is crippled",91,91,0.3305196069329653,negative,0
with genevieve,with genevieve,14,14,0.9367524335899624,positive,1
"i have a non- alcoholic hangover. thanks to mcfly for that one, now it's back to reality x x x","i have a non- alcoholic hangover. thanks to mcfly for that one, now it's back to reality x x x",94,94,0.522765246945092,positive,0
hope you have a most excellent time,hope you have a most excellent time,35,35,0.8923585498972202,positive,1
ending my show with disturbed: just stop! holla at y'all sunday night!,ending my show with disturbed: just stop! holla at y'all sunday night!,70,70,0.6186059723340744,positive,1
"angua ate tris' phone cord. great. too broke to afford a new one, but we're going to have to anyway.","angua ate tris' phone cord. great. too broke to afford a new one, but we're going to have to anyway.",100,100,0.21827127527178575,negative,0
"is up way too early ... got fire training today, learning how to use a fire extinguisher. surely you just point and squeeze :p","is up way too early ... got fire training today, learning how to use a fire extinguisher. surely you just point and squeeze :p",126,126,0.5537650834378995,positive,0
yeah just came from church :p but i gt a donut! ;; goin to the store soon lol,yeah just came from church :p but i gt a donut! ;; goin to the store soon lol,77,77,0.6956057031511026,positive,1
any version of linux + ati drivers = epic fail...... almost makes a man want to use windows,any version of linux + ati drivers = epic fail...... almost makes a man want to use windows,91,91,0.17963744685155103,negative,0
sorry just have a dog dying ib front of me,sorry just have a dog dying ib front of me,42,42,0.06928679605444364,negative,0
p00p - silly me lolzfactor,p00p - silly me lolzfactor,26,26,0.8101056801057944,positive,1
"hahah yes! i always forget to text you, i keep meaning to. but now we're twittering, so maybe i'll text you tomorrow.","hahah yes! i always forget to text you, i keep meaning to. but now we're twittering, so maybe i'll text you tomorrow.",117,117,0.8069663552708153,positive,1
the game is finished!! hope peeps like it... should be playable on dobbschallenge2.com from 12 june-ish,the game is finished!! hope peeps like it... should be playable on dobbschallenge2.com from 12 june-ish,103,103,0.8293006260907175,positive,1
nah.. not too bad! just a red nose and forehead its already starting to turn tan... i just wish the sun would come back!,nah.. not too bad! just a red nose and forehead its already starting to turn tan... i just wish the sun would come back!,120,120,0.13203338986077884,negative,1
the cult is gonna be at club nokia on august 22nd.. umm hummm ?,the cult is gonna be at club nokia on august 22nd.. umm hummm ?,63,63,0.5830311380377714,positive,1
@ dome health room that seems like a...ew,@ dome health room that seems like a...ew,41,41,0.4063957903890932,negative,0
i was hoping my starbucks would keep me awake to study last night... but starbucks failed me and i fell asleep.. time to cram,i was hoping my starbucks would keep me awake to study last night... but starbucks failed me and i fell asleep.. time to cram,125,125,0.06701177312515734,negative,0
"please, i got the feet of a new born baby","please, i got the feet of a new born baby",41,41,0.7411626684915716,positive,1
juss chilling n shit! i'm low key now cuz i'm sick .. how have u been? i miss my fav drk skin hunny lol,juss chilling n shit! i'm low key now cuz i'm sick .. how have u been? i miss my fav drk skin hunny lol,103,103,0.052691078855840706,negative,0
on my &quot;grown folk&quot; tip..,on my &quot;grown folk&quot; tip..,34,34,0.7411886150454896,positive,1
is fuck how many more times is this gonna happen tired of this going to bed late and waking up early,is fuck how many more times is this gonna happen tired of this going to bed late and waking up early,100,100,0.2252279396195081,negative,0
there is no such thing as too much music,there is no such thing as too much music,40,40,0.2596453455154862,negative,1
[-o] just got up wish the rain would stop but it don't look good want to go for a harley ride,[-o] just got up wish the rain would stop but it don't look good want to go for a harley ride,93,93,0.13091728776800096,negative,0
you're right on both counts so i'm staying well away!,you're right on both counts so i'm staying well away!,53,53,0.8440996202640614,positive,1
followfriday because ilikefranchiseking!,followfriday because ilikefranchiseking!,40,40,0.8832745371443302,positive,1
i had to run out on my presentation to puke. that was embarrassing chem now,i had to run out on my presentation to puke. that was embarrassing chem now,75,75,0.22854200154585477,negative,0
loveee the name,loveee the name,15,15,0.8392837776760999,positive,1
watching .. still kinda bored,watching .. still kinda bored,29,29,0.3240754400180856,negative,0
welcome to twitter,welcome to twitter,18,18,0.9752298482115316,positive,1
cool let me know when its up,cool let me know when its up,28,28,0.7152936460375605,positive,1
well i think i am going to try to get some sleep. not sure how well that will go. bsb,well i think i am going to try to get some sleep. not sure how well that will go. bsb,85,85,0.6336857018192391,positive,0
"twitter, you just fail at life sometimes. oh well.","twitter, you just fail at life sometimes. oh well.",50,50,0.6034487389724311,positive,1
congrats on the wedding and the stunning photos.,congrats on the wedding and the stunning photos.,48,48,0.9232483730920652,positive,1
"why not? he's sexy. and i still love jacob, but come onnnnnnnnnnnnnnnn paul is gfnhrdjxmznfmdx s *drools*","why not? he's sexy. and i still love jacob, but come onnnnnnnnnnnnnnnn paul is gfnhrdjxmznfmdx s *drools*",105,105,0.37339884470994955,negative,0
"sorry! if it makes you better, they didn't add the goat cheese i asked for, lol.","sorry! if it makes you better, they didn't add the goat cheese i asked for, lol.",80,80,0.546582756959026,positive,0
just pulled my back walking and yelped like a wounded puppy. im in sooo much pain,just pulled my back walking and yelped like a wounded puppy. im in sooo much pain,81,81,0.11983992206503473,negative,0
"lost rear wheel of my bike, stolen","lost rear wheel of my bike, stolen",34,34,0.2115446050867907,negative,0
lol i know it's ridiculawesome how are you tonight?,lol i know it's ridiculawesome how are you tonight?,51,51,0.9193033037386742,positive,1
going to thai village! fb,going to thai village! fb,25,25,0.786893854202477,positive,1
and then..then..the beaders who dont have a web presence. oh the sorrow!!!,and then..then..the beaders who dont have a web presence. oh the sorrow!!!,74,74,0.4067189670323931,negative,0
is it normal for a teenage girl to not be able to go more than 2 days without fighting with my mom?cause me and my mom are not good at it,is it normal for a teenage girl to not be able to go more than 2 days without fighting with my mom?cause me and my mom are not good at it,137,137,0.14545703496669754,negative,0
just starting,just starting,13,13,0.6290481019423678,positive,1
"has just been fake baked and i loves it lots, looking like i have just spend 2 weeks in egypt again","has just been fake baked and i loves it lots, looking like i have just spend 2 weeks in egypt again",99,99,0.5950628881063358,positive,1
awww hope all is ok! i just did my workout,awww hope all is ok! i just did my workout,42,42,0.742713110112764,positive,1
"the boy is making me a pita. i'm half stressed, half excited","the boy is making me a pita. i'm half stressed, half excited",60,60,0.4763145361210283,negative,1
new headphones ordered. i will have to be more careful around door handles in future,new headphones ordered. i will have to be more careful around door handles in future,84,84,0.6624453832555156,positive,1
cannot sleep. this is getting rediculous. and to make matters worse...i have no more orange juice,cannot sleep. this is getting rediculous. and to make matters worse...i have no more orange juice,97,97,0.07154329432786721,negative,0
"it's 5:18am and maybe i should go to sleep? well i don't have work tomorrow, so whatever? i'm busy watching tv on hulu","it's 5:18am and maybe i should go to sleep? well i don't have work tomorrow, so whatever? i'm busy watching tv on hulu",118,118,0.3802313189476708,negative,1
ugh rain i cant take it anymore..off 2 the sunfest hopefully the sun will come out sometime today,ugh rain i cant take it anymore..off 2 the sunfest hopefully the sun will come out sometime today,97,97,0.17444808605910783,negative,0
go 2 youtube and look at makemebad35 videos there freakin hilarious,go 2 youtube and look at makemebad35 videos there freakin hilarious,67,67,0.8291107664696603,positive,1
"bye di, maybe i shud go clean my house","bye di, maybe i shud go clean my house",38,38,0.3816132154539554,negative,0
watching tv with my mommy,watching tv with my mommy,25,25,0.8105691586651275,positive,1
going to the school,going to the school,19,19,0.7311565225099828,positive,1
wishes everyone would get involved whether efforts are big are small. be active in your community!,wishes everyone would get involved whether efforts are big are small. be active in your community!,98,98,0.7547194711045655,positive,1
working here..,working here..,14,14,0.2128797340036618,negative,1
back to work,back to work,12,12,0.04351052394414771,negative,0
hey whats up? oltl was so good today i am so glad that you are keepin hope! your a really good actor!!!,hey whats up? oltl was so good today i am so glad that you are keepin hope! your a really good actor!!!,103,103,0.9422820321068744,positive,1
that's why you don't have friends anymore,that's why you don't have friends anymore,41,41,0.24337813190757612,negative,0
hey t-byrd! great to see you on twitter. hope you and the family are doing well.,hey t-byrd! great to see you on twitter. hope you and the family are doing well.,80,80,0.9593540691329113,positive,1
"getting up for work is a drag some days... alright, you got me, it flat out sucks. i miss the days when i could sleep till noon","getting up for work is a drag some days... alright, you got me, it flat out sucks. i miss the days when i could sleep till noon",127,127,0.08974808098503312,negative,1
- that video is really sad &amp; disturbing,- that video is really sad &amp; disturbing,43,43,0.09072792892515313,negative,0
ready for the day yet tired as fuck,ready for the day yet tired as fuck,35,35,0.42463657443950237,negative,0
haha you'd love where i live then... it rains all the time,haha you'd love where i live then... it rains all the time,58,58,0.7675041179569073,positive,0
lol it's a secret.,lol it's a secret.,18,18,0.8460350728976214,positive,1
"ooh, pause on the war we got vip's coming. now how real is that","ooh, pause on the war we got vip's coming. now how real is that",63,63,0.6067573653518465,positive,0
my stomach frequently feels ill after eating in our cafeteria.,my stomach frequently feels ill after eating in our cafeteria.,62,62,0.2081141861281896,negative,0
"is hungover, picking up hungover nacho, it's tor time","is hungover, picking up hungover nacho, it's tor time",53,53,0.5762786836952141,positive,1
2 1/2 pages done 2 1/2 more pages to go.... i think imma just finish it tomorrow morning.. screw this,2 1/2 pages done 2 1/2 more pages to go.... i think imma just finish it tomorrow morning.. screw this,101,101,0.49673970537396994,negative,0
good to hear that allah aapko sehat de (y),good to hear that allah aapko sehat de (y),42,42,0.86558824044041,positive,1
thanks pearly thought u were here til 530 still wanna talk to you asshole.,thanks pearly thought u were here til 530 still wanna talk to you asshole.,74,74,0.40745497889041477,negative,0
back home again... now its back to reality.. no sitting around... no hanging out by the pool.. gee i'm kinda depressing myself!,back home again... now its back to reality.. no sitting around... no hanging out by the pool.. gee i'm kinda depressing myself!,127,127,0.12092932920929202,negative,1
hell yes!!!!!!!!! i just need to not be sick anymore,hell yes!!!!!!!!! i just need to not be sick anymore,52,52,0.15828126009867932,negative,0
for your poor head! wine in moderation with your motrin! *grin*,for your poor head! wine in moderation with your motrin! *grin*,63,63,0.5009202787750043,positive,0
wishing i were with on his special day,wishing i were with on his special day,38,38,0.31233265916366026,negative,0
over here in aus its the frist day of winter. i miss summer,over here in aus its the frist day of winter. i miss summer,59,59,0.10925128586424676,negative,0
awwww humid too? thats not good,awwww humid too? thats not good,31,31,0.05787587307723011,negative,0
those pictures are really good,those pictures are really good,30,30,0.8534898192768172,positive,1
yes! rain makes my calves ache. been suffering the past few weeks,yes! rain makes my calves ache. been suffering the past few weeks,65,65,0.22167004722321906,negative,0
work is going to be hell. 8 hours then sleep. so much fucking sleep. ugh,work is going to be hell. 8 hours then sleep. so much fucking sleep. ugh,72,72,0.07956767627595492,negative,0
yeah xd sure!,yeah xd sure!,13,13,0.8724589430521971,positive,1
one exam left! yay!!! hehee can't believe im on holiday next week! can't wait!,one exam left! yay!!! hehee can't believe im on holiday next week! can't wait!,78,78,0.7475174320620184,positive,1
"aye, it is. there's a seminar today, though, which means free lunch. it's redbones. i'm conflicted.","aye, it is. there's a seminar today, though, which means free lunch. it's redbones. i'm conflicted.",99,99,0.5934149072117436,positive,1
no luck in getting 3gs in hk. since living here now i need a phone but apple won't release 3gs in hk till july,no luck in getting 3gs in hk. since living here now i need a phone but apple won't release 3gs in hk till july,110,110,0.17512802776719244,negative,0
wors bike race at camp this weekend=a total of 1500 people. going anywhere sunday is not an option as they race right past the house fb,wors bike race at camp this weekend=a total of 1500 people. going anywhere sunday is not an option as they race right past the house fb,135,135,0.2755631978334995,negative,0
- ooohhhh...mein baby aaaaaaaaaaahhhhhhhh i love this man,- ooohhhh...mein baby aaaaaaaaaaahhhhhhhh i love this man,57,57,0.899334346218709,positive,1
missing my baby badly come home soon!,missing my baby badly come home soon!,37,37,0.020165088921745757,negative,0
last holi-day,last holi-day,13,13,0.23634591128301868,negative,0
"omg, i just realized that i'm killing brain cells andf i need eveyr on{ that i have.","omg, i just realized that i'm killing brain cells andf i need eveyr on{ that i have.",84,84,0.10428142927383548,negative,0
fair enough i'll slap your vis comm teachers face? kk?! lmao but thursday thursday thursday!,fair enough i'll slap your vis comm teachers face? kk?! lmao but thursday thursday thursday!,92,92,0.6865047012739921,positive,0
"sitting at the vet with my sick pup. walkins only today...i got here at 11:30, they open at 12p, and there were so many others here.","sitting at the vet with my sick pup. walkins only today...i got here at 11:30, they open at 12p, and there were so many others here.",132,132,0.14013652502358204,negative,0
i'm sad because i'm not goona be with my father. but i'm wishing him a good fathers day and all the fathers here! happy fathers day!,i'm sad because i'm not goona be with my father. but i'm wishing him a good fathers day and all the fathers here! happy fathers day!,132,132,0.03147912610685822,negative,0
whooo so happy had a fun time w/ my bestfriends 2day.. n im soo excited 4 tomorrow,whooo so happy had a fun time w/ my bestfriends 2day.. n im soo excited 4 tomorrow,82,82,0.9035700773393356,positive,1
aww i remember your bday dinner last year! have fun for me!!!,aww i remember your bday dinner last year! have fun for me!!!,61,61,0.5850767826315129,positive,0
back to school tommorow starting year 13 a2!! have to make decisions soon... i don't want to make decisions!,back to school tommorow starting year 13 a2!! have to make decisions soon... i don't want to make decisions!,108,108,0.15863369614500739,negative,0
the movie was awesome,the movie was awesome,21,21,0.8937036634723758,positive,0
hey rach havnt seen you in so,hey rach havnt seen you in so,29,29,0.6062774277514112,positive,0
thinks she has an ear infection.,thinks she has an ear infection.,32,32,0.20735020274006039,negative,0
wow its 1:06 and im superrrrrr hyperr wat shall i do?!,wow its 1:06 and im superrrrrr hyperr wat shall i do?!,54,54,0.6502130341623694,positive,1
so tired of this life,so tired of this life,21,21,0.18244216793998932,negative,0
i think i might cry after the show this afternoon. i seriously can't believe it's closing tonight,i think i might cry after the show this afternoon. i seriously can't believe it's closing tonight,97,97,0.16338434703370874,negative,0
cant wait till me exams finish and i go on holiday,cant wait till me exams finish and i go on holiday,50,50,0.5828384425884029,positive,1
my new corporate notebook is here,my new corporate notebook is here,33,33,0.7084179207630741,positive,1
chey sign up got tweetsg liao,chey sign up got tweetsg liao,29,29,0.6256455635164068,positive,1
looks like the cavs are finished unless they pull somethin out their ***,looks like the cavs are finished unless they pull somethin out their ***,72,72,0.3117612809561183,negative,0
i know he is amazing,i know he is amazing,20,20,0.8993821263745031,positive,1
just spoke 20 minutes with iphone on skype using the paris google office wifi i was able to join in the street (near opera),just spoke 20 minutes with iphone on skype using the paris google office wifi i was able to join in the street (near opera),123,123,0.48439113868481704,negative,1
huge headache. can't miss school though,huge headache. can't miss school though,39,39,0.03697112164612195,negative,0
let's hope that the cavs don't make the playoffs next season. that would be a good start to getting him on the knicks.,let's hope that the cavs don't make the playoffs next season. that would be a good start to getting him on the knicks.,118,118,0.6743207934623819,positive,1
bout 2 leave 2 go 2 a party!,bout 2 leave 2 go 2 a party!,28,28,0.5448174328210104,positive,1
is about to set off fo the welsh hills. weather looks bleak tho'.,is about to set off fo the welsh hills. weather looks bleak tho'.,65,65,0.40610470539538873,negative,0
*crosses fingers* please let one of those be a hammer!,*crosses fingers* please let one of those be a hammer!,54,54,0.7030716349407348,positive,1
it says they're not coming,it says they're not coming,26,26,0.14557326607345517,negative,0
wishing i was at the mtv movie awards!,wishing i was at the mtv movie awards!,38,38,0.30452587670980136,negative,0
happy 2nd birthday to my sweet niece evangeline. big party today,happy 2nd birthday to my sweet niece evangeline. big party today,64,64,0.9646839087065754,positive,1
"i really have nothing else to say besides smileys. i'm not that interesting, haha.","i really have nothing else to say besides smileys. i'm not that interesting, haha.",82,82,0.5571547692608074,positive,0
work but gives me time to tweet and look for a new job!,work but gives me time to tweet and look for a new job!,55,55,0.5796314304388985,positive,0
going to work not fun,going to work not fun,21,21,0.11972981041216797,negative,0
"i can't believe its june already!!!! time flies, even when ur not havin fun","i can't believe its june already!!!! time flies, even when ur not havin fun",75,75,0.5005586915511396,positive,1
i totally would have im stupid lol,i totally would have im stupid lol,34,34,0.3828118981485493,negative,0
im too excited to sleep... today was a good day.,im too excited to sleep... today was a good day.,48,48,0.8726700669290384,positive,1
wish i was still in cambridge - trains are rubbish,wish i was still in cambridge - trains are rubbish,50,50,0.06008098826450062,negative,0
"watched slumdog millionaire yesterday night, and its emotional. loved it","watched slumdog millionaire yesterday night, and its emotional. loved it",72,72,0.5977256367463347,positive,1
lol. ain't nobody putting honey on my feet. ugh. i wear sandals and they attack me while i'm waiting on the bus.,lol. ain't nobody putting honey on my feet. ugh. i wear sandals and they attack me while i'm waiting on the bus.,112,112,0.1444348978214736,negative,0
thunder and lightening! seems like the sunny days are over.....for now at least.,thunder and lightening! seems like the sunny days are over.....for now at least.,80,80,0.6340450089598588,positive,0
"the cat we used to have got in a fight once lol, it came home all bloody, i was so worried ah. haha. i want a dog!","the cat we used to have got in a fight once lol, it came home all bloody, i was so worried ah. haha. i want a dog!",114,114,0.274287647924298,negative,1
sick la.! down with fever and viral infection.... wanna come visit me? lol.,sick la.! down with fever and viral infection.... wanna come visit me? lol.,75,75,0.09275157091430318,negative,0
yeah yeah yeahs june 10,yeah yeah yeahs june 10,23,23,0.8106174150879522,positive,1
"gosh. wanna sleep, but still lots to do.","gosh. wanna sleep, but still lots to do.",40,40,0.11046451355650944,negative,0
bout 2 hop in the shower ima need about an hr,bout 2 hop in the shower ima need about an hr,45,45,0.6708343170987602,positive,1
course it will be you will look back and think &quot;i am glad i spent 9 hours a day in that room&quot;,course it will be you will look back and think &quot;i am glad i spent 9 hours a day in that room&quot;,103,103,0.8835843340000951,positive,1
happy mommy's day....and we all know your the baddest mamma in the game!,happy mommy's day....and we all know your the baddest mamma in the game!,72,72,0.8960352241025383,positive,1
that vid was electrifyingly shocking. pun obviously intended,that vid was electrifyingly shocking. pun obviously intended,60,60,0.7201861735193756,positive,1
falling asleep.. not feeling good.. trying to stay up for,falling asleep.. not feeling good.. trying to stay up for,57,57,0.19834277409674012,negative,1
"wow, london is quite a site this morning! sun, wind and a clear blue sky...aah, perfection","wow, london is quite a site this morning! sun, wind and a clear blue sky...aah, perfection",90,90,0.7113324050399655,positive,1
"yea, i'm totally jealous! uh huh, i completely agree!","yea, i'm totally jealous! uh huh, i completely agree!",53,53,0.35062938854025855,negative,0
"have my hands full with 10 dogs in the house. 4 are pups, but they still create chaos! somebody help me!!!","have my hands full with 10 dogs in the house. 4 are pups, but they still create chaos! somebody help me!!!",106,106,0.3400895051874668,negative,1
"arrived yesterday! so, we just missed each other did u have fun?","arrived yesterday! so, we just missed each other did u have fun?",64,64,0.49662386482387105,negative,0
i haven't been talking to you side nov but i love you and care about you,i haven't been talking to you side nov but i love you and care about you,72,72,0.6158038176135731,positive,0
they're part of the entertainment though ;) hahaha bless them x,they're part of the entertainment though ;) hahaha bless them x,63,63,0.8745823843541525,positive,1
until i broke my shift key i never realised how much i rely on it to type epicfail,until i broke my shift key i never realised how much i rely on it to type epicfail,82,82,0.18049831419703496,negative,0
the numbers are in a machine sorry maybe it wasn't me who called?,the numbers are in a machine sorry maybe it wasn't me who called?,65,65,0.21401690498960993,negative,0
just finished pouring milk all over myself. posting it on youtube.,just finished pouring milk all over myself. posting it on youtube.,66,66,0.6404941728242601,positive,1
ryan giving a run for our money tonight...not wanting to go to sleep,ryan giving a run for our money tonight...not wanting to go to sleep,68,68,0.22806301572973664,negative,0
you obviously weren't using the twitter page where they announced a 1hr downtime &amp; have been advertising it for a couple of days,you obviously weren't using the twitter page where they announced a 1hr downtime &amp; have been advertising it for a couple of days,132,132,0.7677419259313724,positive,1
nj for the night,nj for the night,16,16,0.8349703677752216,positive,1
already falling out with my parents at home. been back less than a day. someone get me out of here..,already falling out with my parents at home. been back less than a day. someone get me out of here..,100,100,0.2173687600158726,negative,0
really getting sick of rain,really getting sick of rain,27,27,0.03751685803649061,negative,0
going nighty night. long day ahead of me tomorrow. have to drive back to ca want to stay in wa!,going nighty night. long day ahead of me tomorrow. have to drive back to ca want to stay in wa!,95,95,0.22158105629309532,negative,0
yep. twitter users are thankful.,yep. twitter users are thankful.,32,32,0.830755744233963,positive,1
i wanted to do gymnastics to increase my flexibility but i was too tall for the equipment.,i wanted to do gymnastics to increase my flexibility but i was too tall for the equipment.,90,90,0.26069420403578086,negative,0
messing with twitterberry on my new phone,messing with twitterberry on my new phone,41,41,0.7141932403781686,positive,1
i hope all is well.be careful. i hope we can talk this week. i really need to be happy even if its for a little bit,i hope all is well.be careful. i hope we can talk this week. i really need to be happy even if its for a little bit,115,115,0.7042342719709689,positive,0
wat yooh up too? im bree by the wayy,wat yooh up too? im bree by the wayy,36,36,0.48273188532602773,negative,1
june 03 1:46pm- just played dota...think i'll have a short nap,june 03 1:46pm- just played dota...think i'll have a short nap,62,62,0.8377127204970684,positive,1
"is it bad, that i feel bad, when i shouldnt? everybody told me not to feel upset. but i cant help it.","is it bad, that i feel bad, when i shouldnt? everybody told me not to feel upset. but i cant help it.",101,101,0.021387442750433104,negative,0
"loves the hedi and spencer wedding, so sad its the hills finale, next the mtv video awards","loves the hedi and spencer wedding, so sad its the hills finale, next the mtv video awards",90,90,0.4342454433867968,negative,1
of course it will!! i'm being really positive today,of course it will!! i'm being really positive today,51,51,0.8402990577229198,positive,1
let's see how good land of the lost is,let's see how good land of the lost is,38,38,0.82851554240031,positive,1
oh my oh my oh my! still awake! ah! txt me if you want...,oh my oh my oh my! still awake! ah! txt me if you want...,57,57,0.46972838396007266,negative,1
this sucks. i'm in a lot of pain. but i'm sucking it up and going to work...,this sucks. i'm in a lot of pain. but i'm sucking it up and going to work...,76,76,0.0949334554668665,negative,0
is eating seafood at zee beach,is eating seafood at zee beach,30,30,0.7965078325617572,positive,1
going over to sharons to swim and spend the night lets kick the summer off right. agreed?,going over to sharons to swim and spend the night lets kick the summer off right. agreed?,89,89,0.8411429115634733,positive,1
"sis is spending her time with friends (barbecue...), i'm here (home) with books... not fair...","sis is spending her time with friends (barbecue...), i'm here (home) with books... not fair...",94,94,0.31565254224162514,negative,0
ive just watched the news it makes me feel ill,ive just watched the news it makes me feel ill,46,46,0.22684889255261792,negative,0
"now i know the look joe has been trying to pull.. , close enough joe, close enough..","now i know the look joe has been trying to pull.. , close enough joe, close enough..",84,84,0.48828183120392377,negative,1
- aww the propellers! there are some up north on the altamont. they're awesome to watch.,- aww the propellers! there are some up north on the altamont. they're awesome to watch.,88,88,0.7452027769271521,positive,1
sitting at a hospital on the ground. family is fine but friend is in need of prayer -&gt;-&gt;i&lt;3aaron--&gt;,sitting at a hospital on the ground. family is fine but friend is in need of prayer -&gt;-&gt;i&lt;3aaron--&gt;,111,111,0.22517789172323305,negative,0
what is free rpg day? have i missed out again? damn my broken laptop!,what is free rpg day? have i missed out again? damn my broken laptop!,69,69,0.06136782295072072,negative,0
"good god, i hope not.","good god, i hope not.",21,21,0.5804181625079825,positive,1
"&quot;orlando, u must do it, get twitter, if not 4 u do it 4 ur fans&quot; show that 2 him, mirandam hope that helps xoxo","&quot;orlando, u must do it, get twitter, if not 4 u do it 4 ur fans&quot; show that 2 him, mirandam hope that helps xoxo",121,121,0.8643915645678866,positive,1
just added on myspace lol gonna turn in night twitbitchez!,just added on myspace lol gonna turn in night twitbitchez!,58,58,0.8017013253691432,positive,0
come back to me soon please,come back to me soon please,27,27,0.24391374668431184,negative,0
courtney never sounded so awesome hole ï¿½ celebrity skin (divide &amp; kreate remix) [peacheater up] ?,courtney never sounded so awesome hole ï¿½ celebrity skin (divide &amp; kreate remix) [peacheater up] ?,103,103,0.7514583131822787,positive,1
sounds like fun there!,sounds like fun there!,22,22,0.8743824056559858,positive,0
1 day until exam freedom!!!! celebrations must follow,1 day until exam freedom!!!! celebrations must follow,53,53,0.68649837221463,positive,1
haha very funny! they're in the hamper. didn't realize it til i got halfway to baytown,haha very funny! they're in the hamper. didn't realize it til i got halfway to baytown,86,86,0.5933606374603605,positive,0
my mom would totally say yes but my dad no so if my mom says yes i can go but we would need a ride,my mom would totally say yes but my dad no so if my mom says yes i can go but we would need a ride,98,98,0.14991009153097942,negative,0
my bed is so comfy! no wonder i sleep in all the time,my bed is so comfy! no wonder i sleep in all the time,53,53,0.49557447645310765,negative,1
still watching period dramas. i wish there was a class like this at umacq... i miss my english extension class in high school so much,still watching period dramas. i wish there was a class like this at umacq... i miss my english extension class in high school so much,133,133,0.028207163913798988,negative,0
should not drink on a sore throat,should not drink on a sore throat,33,33,0.09465093722404093,negative,0
time to wake up the family and start this amazing day,time to wake up the family and start this amazing day,53,53,0.8671969241702353,positive,1
has to study and doesnt want to,has to study and doesnt want to,31,31,0.03039255481245889,negative,0
so friggin sleepy... and i have a headache no bueno,so friggin sleepy... and i have a headache no bueno,51,51,0.03779586884492746,negative,0
got up at 4:30 this morning. did that t o try to win free tickets to a concert and guess what. you have to be older to win them.,got up at 4:30 this morning. did that t o try to win free tickets to a concert and guess what. you have to be older to win them.,128,128,0.5927615615230778,positive,0
going to nephews b'dy party later,going to nephews b'dy party later,33,33,0.8392076554956582,positive,1
12 days to go then bam! it's my special day!.. tentenenentenen! drum roll please!,12 days to go then bam! it's my special day!.. tentenenentenen! drum roll please!,81,81,0.6944203921885674,positive,1
finally going to see obsessed @ metro_chic don't judge me! i had finals,finally going to see obsessed @ metro_chic don't judge me! i had finals,71,71,0.4801862280172113,negative,0
"please make the blink, fob,panic at the disco tour come to uk- my 3 favourite bands !!! all in 1 tour u know u want to,plz","please make the blink, fob,panic at the disco tour come to uk- my 3 favourite bands !!! all in 1 tour u know u want to,plz",122,122,0.543052505583499,positive,1
bowie ate my shoelaces,bowie ate my shoelaces,22,22,0.16262176318346086,negative,0
funny you mention that - we dropped her off and realized she left $$ and cell at home 50 mi. away. not a good start!,funny you mention that - we dropped her off and realized she left $$ and cell at home 50 mi. away. not a good start!,116,116,0.22710027251106776,negative,0
just hanging with uncle dick!,just hanging with uncle dick!,29,29,0.7842895447684738,positive,1
i dunno what to do might do some homework when mum goes downstairs xoxox lol i hate my new hair cut xoxox,i dunno what to do might do some homework when mum goes downstairs xoxox lol i hate my new hair cut xoxox,105,105,0.20475562265342176,negative,0
do you have pics of our tweetup that night? i saw you taking some pics,do you have pics of our tweetup that night? i saw you taking some pics,70,70,0.8457127878403958,positive,1
saw the video looked like you guys had a blast!!!,saw the video looked like you guys had a blast!!!,49,49,0.7563680007728143,positive,1
i like ur little picture thingy it's cute!,i like ur little picture thingy it's cute!,42,42,0.8620848372141726,positive,1
i thought it was meant to be a hot summer to mean rain doesnt mean hot.,i thought it was meant to be a hot summer to mean rain doesnt mean hot.,71,71,0.12734366395369007,negative,0
"hi jary! yeah, i know some people from there but they're more of acquaintances only. why, what's up?","hi jary! yeah, i know some people from there but they're more of acquaintances only. why, what's up?",100,100,0.4515245018091507,negative,1
"y'all are in columbus tomorrow n i can't make it tix too expen$ive for this poor gal. rock on, fellas","y'all are in columbus tomorrow n i can't make it tix too expen$ive for this poor gal. rock on, fellas",101,101,0.14441814998049324,negative,0
exhausted and i am really achy!!,exhausted and i am really achy!!,32,32,0.26257790909106343,negative,0
"the sun is shining, i want to be outside soaking it up. not inside working... bad dã³ri.","the sun is shining, i want to be outside soaking it up. not inside working... bad dã³ri.",88,88,0.08485375636687968,negative,0
"sorry to disappoint! you have a good night, too!!","sorry to disappoint! you have a good night, too!!",49,49,0.48488871486350893,negative,0
thanks. only two cosmos &amp; one glass of wine. home now.,thanks. only two cosmos &amp; one glass of wine. home now.,58,58,0.6442423057014502,positive,1
thinking of you... i miss you,thinking of you... i miss you,29,29,0.3287448340579479,negative,0
hey!! good to see u here!! i wish to tho.. got a lot of problems. sigh sigh sigh. now focus on alevel 1st!! lol,hey!! good to see u here!! i wish to tho.. got a lot of problems. sigh sigh sigh. now focus on alevel 1st!! lol,111,111,0.1656412358953758,negative,0
team jonas is being slow on me this morning,team jonas is being slow on me this morning,43,43,0.17786065363017234,negative,0
"oooh, cool! i love finding new places to visit.","oooh, cool! i love finding new places to visit.",47,47,0.9606304881409135,positive,1
truck failed inspection....getting new ball joints and lights,truck failed inspection....getting new ball joints and lights,61,61,0.4174749535564789,negative,0
stupid bloody cricket,stupid bloody cricket,21,21,0.10721515654357085,negative,0
yes! willy wonka is on! a perfect movie to nap to,yes! willy wonka is on! a perfect movie to nap to,49,49,0.9104784388501118,positive,1
listening to w.a.s,listening to w.a.s,18,18,0.8989930856771718,positive,1
just got out of the shower.. rushing to get packed and ready and then off to the airport... getting off here.. updates via text,just got out of the shower.. rushing to get packed and ready and then off to the airport... getting off here.. updates via text,127,127,0.7935126186032869,positive,1
ps dear man sitting a few tables down: outright staring at me while i'm eating is really fucking weird. plz stop?,ps dear man sitting a few tables down: outright staring at me while i'm eating is really fucking weird. plz stop?,113,113,0.15300927778436318,negative,0
happy 28th birthday sister!,happy 28th birthday sister!,27,27,0.9477758263549921,positive,1
"going to wanakita for 4 days, then to my cottage on the weekend so happy birthday now jordan cause ima gonna miss it peace everybody","going to wanakita for 4 days, then to my cottage on the weekend so happy birthday now jordan cause ima gonna miss it peace everybody",132,132,0.44205448130650254,negative,0
really? i do agree. but i dunno how to go there. got to apply for the visa and everything but i definitely want to go,really? i do agree. but i dunno how to go there. got to apply for the visa and everything but i definitely want to go,117,117,0.28820565706191464,negative,1
.... superstar ..... me? .... looks around for my cape .... but i really think you need to look in the mirror,.... superstar ..... me? .... looks around for my cape .... but i really think you need to look in the mirror,109,109,0.5514781153315552,positive,1
looking for a cheap holiday,looking for a cheap holiday,27,27,0.6727333448881467,positive,1
enjoyed 's presentation on segmentation at tdseurope. even got a summary handout at the end - felt like being back at school,enjoyed 's presentation on segmentation at tdseurope. even got a summary handout at the end - felt like being back at school,124,124,0.35704167040879836,negative,1
"i wanna receive reply from wouter hamel. but i can't english very well i envy them!! so, i can't sleep right now.. ë¶ë½ë¤!! ëµì¥ë°ì? ì¬ëë¤ì? ã 0ã","i wanna receive reply from wouter hamel. but i can't english very well i envy them!! so, i can't sleep right now.. ë¶ë½ë¤!! ëµì¥ë°ì? ì¬ëë¤ì? ã 0ã",157,157,0.061452491291259084,negative,0
jet (cudd-greening) wishes daddy a very happy birthday! x,jet (cudd-greening) wishes daddy a very happy birthday! x,57,57,0.7622298451073549,positive,1
helloooo brendon(: reply please,helloooo brendon(: reply please,31,31,0.5725559021864618,positive,1
twitter won't keep me signed in today. what a pain.,twitter won't keep me signed in today. what a pain.,51,51,0.271079791327633,negative,0
ah i'm so tired! i ate pizza with my friends i love them cause they catch me everytime i fall...,ah i'm so tired! i ate pizza with my friends i love them cause they catch me everytime i fall...,96,96,0.4941255123796264,negative,1
i'm looking forward to the new software update. should have some great updates/upgrades,i'm looking forward to the new software update. should have some great updates/upgrades,87,87,0.7974407202335233,positive,1
you need to change that to fiance not boyfriend!!! congrats girl! hopefully cya today at work,you need to change that to fiance not boyfriend!!! congrats girl! hopefully cya today at work,93,93,0.6538826442262191,positive,1
back from another trip to asda.. had to buy hair shiz as forgot it.. also got the ice lollies and spock action figure... wooohooo geek,back from another trip to asda.. had to buy hair shiz as forgot it.. also got the ice lollies and spock action figure... wooohooo geek,134,134,0.439929128932691,negative,1
kapotlachen! microsoftshouldchange l attitude,kapotlachen! microsoftshouldchange l attitude,45,45,0.7604329743844779,positive,1
there really are just way too many thieving assholes out there. at least you have a shot at finding them,there really are just way too many thieving assholes out there. at least you have a shot at finding them,104,104,0.46878963182909994,negative,1
"right, enough drinking and listening to obscure groove/death/thrash metal for me. i'm off to dream of nice shiny things. good night all.","right, enough drinking and listening to obscure groove/death/thrash metal for me. i'm off to dream of nice shiny things. good night all.",136,136,0.959780565910661,positive,1
awww sorry to hear that! i hope you feel better quick!,awww sorry to hear that! i hope you feel better quick!,54,54,0.06952118455362827,negative,0
so.. ok... i hate how people are not following me...the ones that were... wow.ok.anywho. i love netflix. lol talk to me dm me 4 my cell,so.. ok... i hate how people are not following me...the ones that were... wow.ok.anywho. i love netflix. lol talk to me dm me 4 my cell,135,135,0.37590338769565695,negative,1
i need you,i need you,10,10,0.2677641656523462,negative,0
i'm not sure i like the reply your bot just gave me.,i'm not sure i like the reply your bot just gave me.,52,52,0.6600922306234144,positive,1
i did a bad thing,i did a bad thing,17,17,0.20673372291128203,negative,0
"i cant believe im graduating, life goes by way too quickly. from barney and nap time to lucky charms, i truly miss those days grad nite!","i cant believe im graduating, life goes by way too quickly. from barney and nap time to lucky charms, i truly miss those days grad nite!",136,136,0.23158461201380037,negative,0
darn its hot,darn its hot,12,12,0.2167736253660605,negative,0
that's what i'm finding,that's what i'm finding,23,23,0.6516642499904866,positive,1
"my phone is on the fritz, don't be angry at me if i don't get your calls please","my phone is on the fritz, don't be angry at me if i don't get your calls please",79,79,0.19625115794248837,negative,0
i hate when cars headlights are more white then yellow... i can't see,i hate when cars headlights are more white then yellow... i can't see,69,69,0.15604833455803105,negative,0
i hope he does alright. thats sorta sad..,i hope he does alright. thats sorta sad..,41,41,0.13252720316165015,negative,0
off to see how much damage i can do w/ a $30 itunes card. this'll be good,off to see how much damage i can do w/ a $30 itunes card. this'll be good,73,73,0.8005399975769485,positive,1
- there are more pics right?,- there are more pics right?,28,28,0.791254008083072,positive,1
- taking 'a drive' down memory lane around guelph at sunset::you always are drawn back to your hometown?,- taking 'a drive' down memory lane around guelph at sunset::you always are drawn back to your hometown?,104,104,0.547137943795104,positive,1
"yum! the soup is sooo good. well, off to work for me, mith my massive container of soup and some organic saltines. hurrah!","yum! the soup is sooo good. well, off to work for me, mith my massive container of soup and some organic saltines. hurrah!",122,122,0.7591456481635716,positive,1
nite nite..sweet dreams,nite nite..sweet dreams,23,23,0.9351347857636956,positive,1
some oatmeal w/raisins and a banana then off to the ball field!,some oatmeal w/raisins and a banana then off to the ball field!,63,63,0.8316244178474254,positive,1
'i wish i was a polar bear' - ted &amp; francis,'i wish i was a polar bear' - ted &amp; francis,47,47,0.220388947215137,negative,1
my thumb hurts...ugh..probably from tweeting or just typing on my ipod in general ..why does technology come with a painful price..,my thumb hurts...ugh..probably from tweeting or just typing on my ipod in general ..why does technology come with a painful price..,131,131,0.07148388996067545,negative,0
today is a great day! not a bad day like i thought,today is a great day! not a bad day like i thought,50,50,0.6112569911593378,positive,1
i was also looking for a call for contributions... without success,i was also looking for a call for contributions... without success,66,66,0.6081910678000879,positive,0
sending postive thoughts your way,sending postive thoughts your way,33,33,0.8566463572988191,positive,1
bea broadway and i miss you. i wish i had a cheesecake to eat in your honor right now.,bea broadway and i miss you. i wish i had a cheesecake to eat in your honor right now.,86,86,0.12286020394323365,negative,0
"lots of eating, site-seeing, and shopping today","lots of eating, site-seeing, and shopping today",47,47,0.8318386180238367,positive,1
"lmao oh shit it looked real i guess i wuznt really lookin at it too much tho ya feel me lol nice job tho, multi-talented i see","lmao oh shit it looked real i guess i wuznt really lookin at it too much tho ya feel me lol nice job tho, multi-talented i see",126,126,0.3351411692354346,negative,1
me either.,me either.,10,10,0.39475378707170566,negative,0
just realized you might not have meant that,just realized you might not have meant that,43,43,0.5442071344100016,positive,1
... it's only good on thursday...i miss out on having sunday off tho.,... it's only good on thursday...i miss out on having sunday off tho.,69,69,0.24377931239662345,negative,1
yay. we're watching the same thing. ) hurray for jordin sparks! she's awesome as you are.,yay. we're watching the same thing. ) hurray for jordin sparks! she's awesome as you are.,89,89,0.9665809062920964,positive,1
waiting for everyone to get here partyyyy.,waiting for everyone to get here partyyyy.,42,42,0.6739561421163056,positive,1
i have one too,i have one too,14,14,0.44769950516933166,negative,0
can't wait for &quot;new moon&quot;. hope's so good as twilight. welcomed all twilight fans!!!! &lt;33,can't wait for &quot;new moon&quot;. hope's so good as twilight. welcomed all twilight fans!!!! &lt;33,102,102,0.9547680431363773,positive,1
"it's over bb but i'm okay with it, we haven't seen each other in awhile and we kind of grew apart.","it's over bb but i'm okay with it, we haven't seen each other in awhile and we kind of grew apart.",98,98,0.33017838955174034,negative,0
yep this is cat from facebook! via,yep this is cat from facebook! via,34,34,0.7112746801719542,positive,1
is having a rather slow evening. perfect for some r&amp;r.,is having a rather slow evening. perfect for some r&amp;r.,58,58,0.8368933250130581,positive,1
aww... xoxo for ur knee! btw the sore on my foot got worse! haha!,aww... xoxo for ur knee! btw the sore on my foot got worse! haha!,65,65,0.1708496080601343,negative,0
i found zoo tycoon 2! now i'm going to play it,i found zoo tycoon 2! now i'm going to play it,46,46,0.7399967338142285,positive,1
"wishes he had some work to do,","wishes he had some work to do,",30,30,0.1345626378254959,negative,0
of course edward,of course edward,16,16,0.8199305588403872,positive,1
time to go lift some weights. four weeks is a lot longer than i meant to wait since the last time.,time to go lift some weights. four weeks is a lot longer than i meant to wait since the last time.,98,98,0.208066286770381,negative,0
* labeouf hehe my bad,* labeouf hehe my bad,21,21,0.6691983491247122,positive,1
i feel totally amazing. all thanks to a phone call,i feel totally amazing. all thanks to a phone call,50,50,0.8575106853747986,positive,1
"uh oh, i start making bad typos. i think it may be time to just lay back, sip my diet coke, and let the metal wash over me","uh oh, i start making bad typos. i think it may be time to just lay back, sip my diet coke, and let the metal wash over me",122,122,0.546424239010215,positive,1
do u watch desperate housewives too?? such a good show!!,do u watch desperate housewives too?? such a good show!!,56,56,0.7544769056845384,positive,1
ewww hate fish,ewww hate fish,14,14,0.055884719799904,negative,0
"most unexpected event = late night beers &amp; some good/much-needed conversation w/my dad. some more today, too.(talkingnotdrinking!) :p","most unexpected event = late night beers &amp; some good/much-needed conversation w/my dad. some more today, too.(talkingnotdrinking!) :p",137,137,0.8762009760419982,positive,1
going to sleep...night everybody,going to sleep...night everybody,32,32,0.8145950191924717,positive,1
"i would say over and out but that'd be incorrect, so night guys. out","i would say over and out but that'd be incorrect, so night guys. out",68,68,0.6486868184713258,positive,1
he let me down again,he let me down again,20,20,0.16204017769660584,negative,0
today is a great day for a picnic.,today is a great day for a picnic.,34,34,0.9254559303523516,positive,1
i would love to get labels (or pix of them) (front and back) winesofchile matt @ mmwine.me please,i would love to get labels (or pix of them) (front and back) winesofchile matt @ mmwine.me please,97,97,0.6453634043499115,positive,1
certainly,certainly,9,9,0.7876773631773756,positive,1
oh i suddenly remembered its father's day today.hmm.dad hope u r happy with your new fml im sorry i think im getting over you,oh i suddenly remembered its father's day today.hmm.dad hope u r happy with your new fml im sorry i think im getting over you,125,125,0.17809143877044442,negative,0
had a lot of fun at cafe night. can't wait 'til the next activity!,had a lot of fun at cafe night. can't wait 'til the next activity!,66,66,0.7595028972856112,positive,1
ay dios mio! u are coming hard for me today! what did i do?,ay dios mio! u are coming hard for me today! what did i do?,59,59,0.4241657500302704,negative,0
smh @ my mood be switchin like crazy not in the mood feelin like,smh @ my mood be switchin like crazy not in the mood feelin like,64,64,0.08456091689422685,negative,0
sick! on my only beach vacation!,sick! on my only beach vacation!,32,32,0.03742942126022483,negative,0
"is at college and feeling very tired. lazy day 2moro (y) miley cyrus, u r hott!","is at college and feeling very tired. lazy day 2moro (y) miley cyrus, u r hott!",79,79,0.501286119749043,positive,1
...erm... would you perhaps have that usb with my video driver stashed somewhere? it died again...,...erm... would you perhaps have that usb with my video driver stashed somewhere? it died again...,98,98,0.3202408552819131,negative,0
. good luck with the concert tonight dolls!! ifly finishin my art work,. good luck with the concert tonight dolls!! ifly finishin my art work,70,70,0.7150551594773925,positive,1
no prob!! enjoyed a good laugh in the midst of home renovation. thanks!,no prob!! enjoyed a good laugh in the midst of home renovation. thanks!,71,71,0.8994919886921132,positive,1
dropped you a dm with deets,dropped you a dm with deets,27,27,0.7098116884177152,positive,1
i havent eaten all day,i havent eaten all day,22,22,0.18749580496949833,negative,0
"shitface, my uncle's coming back from the pi soon damn it, it was fun while it fuckin lasted.","shitface, my uncle's coming back from the pi soon damn it, it was fun while it fuckin lasted.",93,93,0.3318639985610292,negative,0
no thunderstorms here! im off to the pool!,no thunderstorms here! im off to the pool!,42,42,0.5030002671649706,positive,1
"were to do tomorrow afternoons work at home, boooo! i want to get all my books finished crappy doodles.","were to do tomorrow afternoons work at home, boooo! i want to get all my books finished crappy doodles.",103,103,0.051431106996236715,negative,0
just got a nice chunk of change from the g'parents for graduation,just got a nice chunk of change from the g'parents for graduation,65,65,0.8122532491289187,positive,1
watching movie with sister..,watching movie with sister..,28,28,0.8551144359359348,positive,1
"ok, i'm so happy andy richter is there! that is all! good night for reals","ok, i'm so happy andy richter is there! that is all! good night for reals",73,73,0.9278361102079783,positive,1
oh sorry nat! didn't know that was your status too.,oh sorry nat! didn't know that was your status too.,51,51,0.36987805282824376,negative,1
underneath the waves. isn't that the song they used as a tribute to kenji?,underneath the waves. isn't that the song they used as a tribute to kenji?,74,74,0.44501647568672,negative,0
spend the day watching films really should of been outside enjoying the sun though xd,spend the day watching films really should of been outside enjoying the sun though xd,85,85,0.7811625812889506,positive,1
"aww, sandra cantu is found dead in a suitcase missing children stories never seem to go good. poor family.","aww, sandra cantu is found dead in a suitcase missing children stories never seem to go good. poor family.",106,106,0.04342658204258614,negative,0
"i hope you tried it on first! between my friend, diana, and i, we have returned 5 bathing suits from there.","i hope you tried it on first! between my friend, diana, and i, we have returned 5 bathing suits from there.",107,107,0.5525410947782331,positive,0
be right back. i'm goona sleep first,be right back. i'm goona sleep first,36,36,0.7824309535135212,positive,1
i really need a massage. i miss matthew.,i really need a massage. i miss matthew.,40,40,0.06101026380218252,negative,0
got my autographed boa dvd plus poster today. gonna go watch it now,got my autographed boa dvd plus poster today. gonna go watch it now,67,67,0.863051092637884,positive,1
i am looking at the wii i might buy one,i am looking at the wii i might buy one,39,39,0.8064357702133034,positive,1
lmao ha windows in the back &amp; the bitch dnt have steps,lmao ha windows in the back &amp; the bitch dnt have steps,58,58,0.5273176170285317,positive,0
i guess. haha. whats upp?,i guess. haha. whats upp?,25,25,0.7460131385831558,positive,1
he didn't get your initials too??,he didn't get your initials too??,33,33,0.2441453679167865,negative,0
atã© amannhã£a beeijocas no heart,atã© amannhã£a beeijocas no heart,33,33,0.17953726439371584,negative,1
i think you still could have fun with those texture for personal project thou,i think you still could have fun with those texture for personal project thou,77,77,0.8251241508007164,positive,1
i'll have 2 see what moneys ive got when i get back from ireland! would like nothin more than 2 see ya's again,i'll have 2 see what moneys ive got when i get back from ireland! would like nothin more than 2 see ya's again,110,110,0.49106083884341545,negative,0
"- you truly are awesome, mac!! great job!! way to go!!","- you truly are awesome, mac!! great job!! way to go!!",54,54,0.9258679870570578,positive,1
i love thunder.. and lightning. but i def hate the rain. please stop.,i love thunder.. and lightning. but i def hate the rain. please stop.,69,69,0.12570904511639006,negative,0
"i hate the calories, love the ice creams","i hate the calories, love the ice creams",40,40,0.6924975007100712,positive,1
i miss my owner.,i miss my owner.,16,16,0.01268594727677055,negative,0
when kevin was playing piano your head is right below me &gt;.&lt; ahhhh lol,when kevin was playing piano your head is right below me &gt;.&lt; ahhhh lol,76,76,0.6336415179179523,positive,1
"gosh darnit, soon as i'm ready to head back to norfolk i have a flat tire. never thought to learn how to handle these types of things","gosh darnit, soon as i'm ready to head back to norfolk i have a flat tire. never thought to learn how to handle these types of things",133,133,0.3282521369611776,negative,0
need to get something into my stomach but whats the point when im only going to throw it back up again,need to get something into my stomach but whats the point when im only going to throw it back up again,102,102,0.1143073925798227,negative,0
6.40am. super cold and im still tired,6.40am. super cold and im still tired,37,37,0.07023685044150507,negative,0
not even me?,not even me?,12,12,0.15553546579381358,negative,0
"3 more days! gotta finish srr project presentation thingy then upload music, shower &amp;sleep!","3 more days! gotta finish srr project presentation thingy then upload music, shower &amp;sleep!",95,95,0.7161098099095882,positive,1
well im listening to kmfdm now and thinking there is stupidity on the internet i must punish...,well im listening to kmfdm now and thinking there is stupidity on the internet i must punish...,95,95,0.505898186275346,positive,0
morning twitter fam the sun is out!! yayy! gonna get coffee &amp;&amp; a pedicure,morning twitter fam the sun is out!! yayy! gonna get coffee &amp;&amp; a pedicure,81,81,0.9088444725803695,positive,1
glad to hear t. what juice are you today?,glad to hear t. what juice are you today?,41,41,0.8926754095033247,positive,1
"haha, jaimie and i left a voicemail on your phone. did you get it?","haha, jaimie and i left a voicemail on your phone. did you get it?",66,66,0.5621088566052502,positive,1
i don't get it,i don't get it,14,14,0.1635440941129319,negative,0
congrats to nick on his black belt in tae kwon do... u go proud momma,congrats to nick on his black belt in tae kwon do... u go proud momma,69,69,0.8656395515791759,positive,1
"hmmmm waiting for my electric blanket to be warm. quickkkkk, im tired nighttt twitterrrrrrrrrers","hmmmm waiting for my electric blanket to be warm. quickkkkk, im tired nighttt twitterrrrrrrrrers",96,96,0.23645391591157777,negative,0
"reading all my emails and doing some online works. hello to all of you, guys!","reading all my emails and doing some online works. hello to all of you, guys!",77,77,0.8683028087381469,positive,1
"is looking for things to do in washington in may.. any suggestions? never been there before, and have three weeks to explore everything..","is looking for things to do in washington in may.. any suggestions? never been there before, and have three weeks to explore everything..",137,137,0.4843078338135884,negative,1
not looking forward to waxing myself,not looking forward to waxing myself,36,36,0.1554978433324445,negative,0
aaah parkpop!! but i can't man..i have to do agogiek too i've just got one week,aaah parkpop!! but i can't man..i have to do agogiek too i've just got one week,79,79,0.20171521534525685,negative,0
i have a headache.,i have a headache.,18,18,0.030982557116741444,negative,0
"media exam went pretty well today, waited around for a rubbish maths exam now for work at 5! all good fun...","media exam went pretty well today, waited around for a rubbish maths exam now for work at 5! all good fun...",108,108,0.512525801805688,positive,0
anyone for cake.....,anyone for cake.....,20,20,0.6751489952512061,positive,1
- oh my god - take that were amazing. drive home - not so much the moment when it started raining for back ...,- oh my god - take that were amazing. drive home - not so much the moment when it started raining for back ...,110,110,0.2925770954717439,negative,0
i don't want david tennant to leave stay forever. man doctor who is an amazing show. calls for marathons on the holidays &amp; i cant wait,i don't want david tennant to leave stay forever. man doctor who is an amazing show. calls for marathons on the holidays &amp; i cant wait,138,138,0.4331159327669233,negative,0
fooi sim show de qm que vocãª vai ? beeijo,fooi sim show de qm que vocãª vai ? beeijo,42,42,0.7077363678648161,positive,1
i'll try to remember that in the future !,i'll try to remember that in the future !,41,41,0.8353173689038587,positive,1
you are so lucky. i want 90 degree weather,you are so lucky. i want 90 degree weather,42,42,0.31238054825613487,negative,0
this sports bra hurts my neck,this sports bra hurts my neck,29,29,0.08233611226956726,negative,0
yes! leave now and two hours would only have just passed.,yes! leave now and two hours would only have just passed.,57,57,0.3483801167898716,negative,1
"a very unproductive day on the work front, however a clean car is a nice car","a very unproductive day on the work front, however a clean car is a nice car",76,76,0.5681092290828111,positive,1
"thanks, you too it's a beautiful day. great morning for ride down the ocean road with the top down","thanks, you too it's a beautiful day. great morning for ride down the ocean road with the top down",98,98,0.9675355654050629,positive,1
just got back from serving at an outdoor wedding it was beautiful,just got back from serving at an outdoor wedding it was beautiful,65,65,0.8564403192063655,positive,1
wish i could sleep right about now,wish i could sleep right about now,34,34,0.10697400492369015,negative,0
bunny can you put podcast back up - i didnt get to d/l it is gone from intarweb,bunny can you put podcast back up - i didnt get to d/l it is gone from intarweb,79,79,0.2039917353124456,negative,0
alone and un cared for,alone and un cared for,22,22,0.20464652247250084,negative,0
no...she can't be...it seems like just yesterday you were celebrating her 10th bday!!! lol wow does time fly by,no...she can't be...it seems like just yesterday you were celebrating her 10th bday!!! lol wow does time fly by,111,111,0.46232111679927185,negative,0
not happy with pentaxx70,not happy with pentaxx70,24,24,0.16111102791503734,negative,0
"i'm gonna go for an oreo cookie shake-away and a bk, and then i'm gonna spend the day practicing with my new diabolo","i'm gonna go for an oreo cookie shake-away and a bk, and then i'm gonna spend the day practicing with my new diabolo",116,116,0.8291930619585541,positive,1
.....hey hey checkin 1 2 3---,.....hey hey checkin 1 2 3---,29,29,0.9137012075841826,positive,1
plz come 2 the uk,plz come 2 the uk,17,17,0.5132791593743128,positive,0
i shouldn't laugh,i shouldn't laugh,17,17,0.7340182973383951,positive,1
listenin to music and abit bored at the moment and kinda tired but in to much pain to sleep sadly,listenin to music and abit bored at the moment and kinda tired but in to much pain to sleep sadly,97,97,0.12706703718345297,negative,0
i feel bad my dad planned it all outt and i missed it,i feel bad my dad planned it all outt and i missed it,53,53,0.04620040501735949,negative,0
watching a woman on a reality tv show. she is very obese and just stopped for two fast food meals because she was hungry. i feel sad.,watching a woman on a reality tv show. she is very obese and just stopped for two fast food meals because she was hungry. i feel sad.,133,133,0.06602219780124809,negative,0
yes! i was gona ask if you wanted to walk the doggies together soon. ziggy's not old enough to socialize yet tho.,yes! i was gona ask if you wanted to walk the doggies together soon. ziggy's not old enough to socialize yet tho.,113,113,0.4901971870815493,negative,0
and please take tons of pics at the selena museum! i've never been..,and please take tons of pics at the selena museum! i've never been..,68,68,0.6984985301149746,positive,1
she told me!!!!!!! so excited!!!!!!! im gonna call you guys!!,she told me!!!!!!! so excited!!!!!!! im gonna call you guys!!,61,61,0.8099235966203868,positive,1
manchester's had riots outside council trying to keep griffin out; very green vote here; just not across all nw,manchester's had riots outside council trying to keep griffin out; very green vote here; just not across all nw,111,111,0.3564581411299829,negative,0
hi whatup??? i just realized that today is the last day of my spring break,hi whatup??? i just realized that today is the last day of my spring break,74,74,0.3347201206715406,negative,0
congrats to grant and cami on their baby!!!!! woo hoo!,congrats to grant and cami on their baby!!!!! woo hoo!,54,54,0.907158234696541,positive,1
very hungover,very hungover,13,13,0.41621630810223187,negative,0
movies with corbin and dylan,movies with corbin and dylan,28,28,0.8269158861363354,positive,1
"i like the ahem sort of side really. mobileme is cool, i still got mine","i like the ahem sort of side really. mobileme is cool, i still got mine",71,71,0.6320396586029812,positive,1
hey desiree x,hey desiree x,13,13,0.9542684656664244,positive,1
- i miss this place,- i miss this place,19,19,0.09975592771545172,negative,0
all done...had a massage and a bit of a beat down....able to work now,all done...had a massage and a bit of a beat down....able to work now,69,69,0.3142169751720545,negative,1
agree`,agree`,6,6,0.6927510175314175,positive,1
you're welcome,you're welcome,14,14,0.9839232976580046,positive,1
it's victoria day!,it's victoria day!,18,18,0.720273785032141,positive,1
i am bored doing maths revision grrrrr....!,i am bored doing maths revision grrrrr....!,43,43,0.14838353503217064,negative,0
is taking the whole day to do absolutely nothing,is taking the whole day to do absolutely nothing,48,48,0.5792137924337991,positive,1
argh the wifi on my phone won't work anymore :@ and my cough is so bad tonight i can't sleep cause of it,argh the wifi on my phone won't work anymore :@ and my cough is so bad tonight i can't sleep cause of it,104,104,0.02502646845022001,negative,0
ahhhhhhhhhhhhh!!!!! that's how i feel about the bones finale.. how long til the season starts again.,ahhhhhhhhhhhhh!!!!! that's how i feel about the bones finale.. how long til the season starts again.,100,100,0.2473391350710742,negative,0
"oh really? btu is always sunny. haha. except at night. hehe. yeah, ate my nini cokolat celup just now lol. im bored eh","oh really? btu is always sunny. haha. except at night. hehe. yeah, ate my nini cokolat celup just now lol. im bored eh",118,118,0.33843834775720383,negative,0
really don't want to go to dagenham tomorrow,really don't want to go to dagenham tomorrow,44,44,0.02788257980320055,negative,0
eating leftover chinese food from yesterday - decadent.,eating leftover chinese food from yesterday - decadent.,55,55,0.7288915968301637,positive,1
is fantastic,is fantastic,12,12,0.8181575972384025,positive,1
woo! thank you!! what a team we all are!,woo! thank you!! what a team we all are!,40,40,0.9711264048752981,positive,1
im roasting too :| finally some nice weather,im roasting too :| finally some nice weather,44,44,0.7435414328159621,positive,1
kenny w. said to blow up your twitter page boom! g/l @ pocono mickey!,kenny w. said to blow up your twitter page boom! g/l @ pocono mickey!,69,69,0.8226314711140862,positive,1
my fave sunday habit...coffee and insiders,my fave sunday habit...coffee and insiders,42,42,0.7713275657595138,positive,1
i want to feel so fine!,i want to feel so fine!,23,23,0.06608160464737599,negative,0
lmfao at mscrispycream... remind me to knock u out when i see u...an im not changin it..mscrys so nice u gotta say it twice,lmfao at mscrispycream... remind me to knock u out when i see u...an im not changin it..mscrys so nice u gotta say it twice,123,123,0.544308092706222,positive,1
was jason cross with you ?,was jason cross with you ?,26,26,0.6919581026811543,positive,1
does ma hair look ok for prom??? d= i hate no hats,does ma hair look ok for prom??? d= i hate no hats,50,50,0.2202094512972431,negative,0
glad to see you back,glad to see you back,20,20,0.9579073737386249,positive,1
ouch! sunburn.,ouch! sunburn.,14,14,0.04604311620172071,negative,0
visit my sister's etsy shop and buy something! she makes cute little windowsill herb pots,visit my sister's etsy shop and buy something! she makes cute little windowsill herb pots,89,89,0.8368321350850384,positive,1
i'm loving snaptu! probably the fastest and best twitter app for java enabled phones snaptu twitter,i'm loving snaptu! probably the fastest and best twitter app for java enabled phones snaptu twitter,99,99,0.8950091093180789,positive,1
want the new palm pre sprint phone. loooks soooo good. and want itouch,want the new palm pre sprint phone. loooks soooo good. and want itouch,70,70,0.5124629687489942,positive,1
i stared at my inbox for a hr,i stared at my inbox for a hr,29,29,0.4532705309367025,negative,0
i know im not denying this babes. anyways you can hardly talk..you are worse than me sometimes. ;p nice meal? my dinner was shit.,i know im not denying this babes. anyways you can hardly talk..you are worse than me sometimes. ;p nice meal? my dinner was shit.,129,129,0.41042362570149554,negative,0
is having fun already in yakima. i just finished swimming in my cousins' pool whoo,is having fun already in yakima. i just finished swimming in my cousins' pool whoo,82,82,0.7853953395393974,positive,1
its all dutch cannot locate an english translation link,its all dutch cannot locate an english translation link,55,55,0.38056394186464426,negative,0
i will be right here waiting for you,i will be right here waiting for you,36,36,0.8520881807079564,positive,1
"awww how exciting!!!! :] i cant wait to move out, ill tell u tomorrow haha...k well txt or call mee","awww how exciting!!!! :] i cant wait to move out, ill tell u tomorrow haha...k well txt or call mee",99,99,0.8653432497012709,positive,1
ok so i hate this life now....i wanna go home but me and may have to stay later because of a damn news interview....,ok so i hate this life now....i wanna go home but me and may have to stay later because of a damn news interview....,116,116,0.05896805652008742,negative,0
i know.. and funny,i know.. and funny,18,18,0.823944743669022,positive,1
i know! its ok tho i didn't end up closing but i only had 4 tables in 5 hrs lol,i know! its ok tho i didn't end up closing but i only had 4 tables in 5 hrs lol,79,79,0.11251898198729339,negative,1
can't wait to see amber pamber this weekend!!,can't wait to see amber pamber this weekend!!,45,45,0.9074812522891816,positive,1
a song has just made me cry,a song has just made me cry,27,27,0.200600872362009,negative,0
wow first time on twitter... i want tix for reik ... wow that would be awesome!!!! please!! i want some reik tix!!!!!,wow first time on twitter... i want tix for reik ... wow that would be awesome!!!! please!! i want some reik tix!!!!!,117,117,0.7122225949569585,positive,1
taking nana for a whell down the road in her wheelchair,taking nana for a whell down the road in her wheelchair,55,55,0.685469176815415,positive,1
i havent listened &quot;before the storm&quot; yet i hope i could!!,i havent listened &quot;before the storm&quot; yet i hope i could!!,67,67,0.3729204404245441,negative,0
juicy and the pussy cat dolls.,juicy and the pussy cat dolls.,30,30,0.5962184794437624,positive,1
had a good run to sidetrack with and among other kinksters,had a good run to sidetrack with and among other kinksters,58,58,0.8504825788160618,positive,1
ewww! it's running windows mobile fail!,ewww! it's running windows mobile fail!,39,39,0.15235566926626262,negative,0
but you not shouting,but you not shouting,20,20,0.16522888882789838,negative,0
cant send the dream story on twitter. sending on bebo mail x,cant send the dream story on twitter. sending on bebo mail x,60,60,0.7076769748900477,positive,1
is mad all these porno people the only followers,is mad all these porno people the only followers,48,48,0.24089066828374658,negative,0
two chapters that's more revision than me! i've still got 30 odd pages of music theory to go,two chapters that's more revision than me! i've still got 30 odd pages of music theory to go,92,92,0.29055020752390603,negative,0
networking went amazingly well,networking went amazingly well,30,30,0.773922526987147,positive,1
sorry to hear that,sorry to hear that,18,18,0.036911620755875174,negative,0
"i was going to stream it live via my bb storm, but my internet wasn't cooperating","i was going to stream it live via my bb storm, but my internet wasn't cooperating",81,81,0.12145277422909657,negative,0
my sam broadcaster has died,my sam broadcaster has died,27,27,0.0448755297779974,negative,0
i'm starving. not eaten this morning and i've no cash on me. can't get to a cash point until 11:00 and nobody has any cash to lend me,i'm starving. not eaten this morning and i've no cash on me. can't get to a cash point until 11:00 and nobody has any cash to lend me,133,133,0.047513201931900215,negative,0
ugh. just want everything to be okay.,ugh. just want everything to be okay.,37,37,0.09604741946280979,negative,0
sasha-fkin-awesome makes me smile,sasha-fkin-awesome makes me smile,33,33,0.9688132977738352,positive,1
mac rumors brilliant site,mac rumors brilliant site,25,25,0.6502588271857636,positive,1
2nd relaxation day and very nice it is too. off to collect my bike later and send my z404 off for repair may turn a pedal tomorrow.,2nd relaxation day and very nice it is too. off to collect my bike later and send my z404 off for repair may turn a pedal tomorrow.,131,131,0.6222967189586004,positive,0
american idol runner up. he didn't win,american idol runner up. he didn't win,38,38,0.27999859380048125,negative,0
watching he's not that into you with my girls,watching he's not that into you with my girls,45,45,0.846850597752005,positive,1
stood for 4 hours in heels. all for looks and to b able to look over tall people.,stood for 4 hours in heels. all for looks and to b able to look over tall people.,81,81,0.3972220362039327,negative,1
state wave titles this weekend good forecast and i wont be there,state wave titles this weekend good forecast and i wont be there,64,64,0.3631727090080383,negative,0
oh wow.. how long does the &quot;concussion&quot; last?,oh wow.. how long does the &quot;concussion&quot; last?,55,55,0.45866728387426736,negative,0
thank you,thank you,9,9,0.9963240607639754,positive,1
i have a fever...seriously bad idea to go out in the rain yesterday,i have a fever...seriously bad idea to go out in the rain yesterday,67,67,0.0826956911585493,negative,0
i want to play zelda,i want to play zelda,20,20,0.21599416428283588,negative,0
i'm stupid i touched my eye while eating spicy doritos and spilled water all over myself trying to get some on my hand to put on my eye.,i'm stupid i touched my eye while eating spicy doritos and spilled water all over myself trying to get some on my hand to put on my eye.,136,136,0.27698048271777165,negative,1
"very cold, and very tired sleep is much needed soon.","very cold, and very tired sleep is much needed soon.",52,52,0.25791247167814113,negative,0
psyched for the road trip this weekend,psyched for the road trip this weekend,38,38,0.6799727814838417,positive,1
had one too many chocolate covered strawberries. cupid is tryin to get me fat...ahh my stomach,had one too many chocolate covered strawberries. cupid is tryin to get me fat...ahh my stomach,94,94,0.18406712465294356,negative,0
is finally all moved to utah.. im gonna miss listenin to mix 93 at work i'll listen online as much as possible tho!,is finally all moved to utah.. im gonna miss listenin to mix 93 at work i'll listen online as much as possible tho!,115,115,0.221331542885138,negative,0
the game was that ish too! haha,the game was that ish too! haha,31,31,0.6096388813564045,positive,1
talking dogs were an odd part of the film. but i did like when alpha (who looked like an evil batman) lost his tough voice.,talking dogs were an odd part of the film. but i did like when alpha (who looked like an evil batman) lost his tough voice.,123,123,0.5545394385452157,positive,1
"bah! exciting stuff from kimi, wish he wasn't full of fuel though f1","bah! exciting stuff from kimi, wish he wasn't full of fuel though f1",68,68,0.20990987020272675,negative,0
yourrr thee most amazinggg persooon in thiss totally twistedd worllldd! teamcyrus untill thee end!,yourrr thee most amazinggg persooon in thiss totally twistedd worllldd! teamcyrus untill thee end!,98,98,0.7668609532639307,positive,1
gonna go sit in the garden,gonna go sit in the garden,26,26,0.8390122428749021,positive,1
you should wake up and then come and play in the uk!,you should wake up and then come and play in the uk!,52,52,0.8278471937894021,positive,1
says i miss st. john mary. yun lang.,says i miss st. john mary. yun lang.,36,36,0.2941624714364108,negative,1
"ps. i texted my mama about gilly and she said sorry, no pun intended","ps. i texted my mama about gilly and she said sorry, no pun intended",68,68,0.22175926223195308,negative,0
"argh i hate relatives adding me on facebook, i don't like you two-faced sods, take a hint","argh i hate relatives adding me on facebook, i don't like you two-faced sods, take a hint",89,89,0.2507950841078751,negative,0
"about to start building a questions &amp; answers community area in rails. if anyone has any good tips, now would be great!","about to start building a questions &amp; answers community area in rails. if anyone has any good tips, now would be great!",123,123,0.8480796833066917,positive,1
well stay safe and warm!,well stay safe and warm!,24,24,0.7866203998039439,positive,0
back in the rat race ... commuting to work no more beaches and sun and sand and ...,back in the rat race ... commuting to work no more beaches and sun and sand and ...,83,83,0.19497920046142095,negative,0
im really sleepy and i want to go to bed...but its upstairs and its a mess and i know im gonna have to clean it nooooo,im really sleepy and i want to go to bed...but its upstairs and its a mess and i know im gonna have to clean it nooooo,118,118,0.08001250675346966,negative,0
yeah. big i was really looking forward to getting the hell out of this shitty area and back 2 ca,yeah. big i was really looking forward to getting the hell out of this shitty area and back 2 ca,96,96,0.3496392635000082,negative,0
thanks!,thanks!,7,7,0.9981194578994557,positive,1
"getting ready for school. after i print out this song, fancy, i know.","getting ready for school. after i print out this song, fancy, i know.",69,69,0.7133809726883067,positive,1
tried to hint at my boyfriend to buy me one but it didn't work,tried to hint at my boyfriend to buy me one but it didn't work,62,62,0.051819625118006,negative,0
totally wish i could. i'll be lucky get out of the lab by 7... drink lots for me! and thank you thank you for asking me..,totally wish i could. i'll be lucky get out of the lab by 7... drink lots for me! and thank you thank you for asking me..,121,121,0.8251737487848829,positive,1
alcohol 'incident' is one of the gems of sll.,alcohol 'incident' is one of the gems of sll.,45,45,0.6511321779694104,positive,1
waiting in line in the top gun fish bar,waiting in line in the top gun fish bar,39,39,0.507504514445861,positive,1
that is lame! that is a new ac unit!,that is lame! that is a new ac unit!,36,36,0.6313056386683243,positive,0
ohhh,ohhh,4,4,0.5049291370748418,positive,0
that is so scary and sad.,that is so scary and sad.,25,25,0.04124468509431016,negative,0
"sounds like a good plan, but hopefully you mean 2009!","sounds like a good plan, but hopefully you mean 2009!",53,53,0.8496242518130859,positive,1
need help just ask,need help just ask,18,18,0.6314530785535327,positive,1
actually i am hardly working types so all the work i didnt do in last one month is on my plate suddenly,actually i am hardly working types so all the work i didnt do in last one month is on my plate suddenly,103,103,0.15651576277291046,negative,0
classes still on the 15th! no allowance,classes still on the 15th! no allowance,39,39,0.2184035229616498,negative,0
im at work,im at work,10,10,0.10387421941259198,negative,0
so after an awesome weekend purchase... i got to spend 4/20 writing papers -fml- btw i lovee james lukban! he's awesome,so after an awesome weekend purchase... i got to spend 4/20 writing papers -fml- btw i lovee james lukban! he's awesome,119,119,0.8653022790549284,positive,1
no worries am copying the payment details from your site to add to mine now,no worries am copying the payment details from your site to add to mine now,75,75,0.8433374069816826,positive,1
"good mood, huh? i'm doing pretty good myself...rather mellow tonight. i'll be more than glad to catch up w/ you later.","good mood, huh? i'm doing pretty good myself...rather mellow tonight. i'll be more than glad to catch up w/ you later.",118,118,0.9475597858137385,positive,1
just watched taken. liam neeson at his best.,just watched taken. liam neeson at his best.,44,44,0.6334951874278181,positive,1
barely getting home. gotta wake up @ 6 fml.,barely getting home. gotta wake up @ 6 fml.,43,43,0.1399947235981503,negative,0
why do management continually move goalposts? - they think diff stdnts every year not enough so we need diff curric too,why do management continually move goalposts? - they think diff stdnts every year not enough so we need diff curric too,119,119,0.2464618158495698,negative,1
eating millions,eating millions,15,15,0.8778279189948034,positive,1
is going to get her read on. harry potter and the half blood prince tonight. preparing for this summers release,is going to get her read on. harry potter and the half blood prince tonight. preparing for this summers release,111,111,0.7503700289092216,positive,1
just had a large wooden picture frame fall from the wall and smack me straight in the face. i now have a fat lip and sore cheek.,just had a large wooden picture frame fall from the wall and smack me straight in the face. i now have a fat lip and sore cheek.,128,128,0.14510058150730468,negative,0
all entries are due today! we will look at them all and post the winner tomorrow!! good night,all entries are due today! we will look at them all and post the winner tomorrow!! good night,93,93,0.8536947496850423,positive,1
leaving santa cruz i love those people.,leaving santa cruz i love those people.,39,39,0.5767337379416586,positive,0
"you know what sucks? finding out i have a burned out tail light when the stores are closed. plus, they are not open before i work.","you know what sucks? finding out i have a burned out tail light when the stores are closed. plus, they are not open before i work.",130,130,0.06460966159652537,negative,0
anyone want to loan me 30 dollars till friday so i can pay my car payment? didn't think so... fml!,anyone want to loan me 30 dollars till friday so i can pay my car payment? didn't think so... fml!,98,98,0.17023995132492636,negative,0
well i guess you need to rest now .,well i guess you need to rest now .,35,35,0.671641403890585,positive,1
they also said they had another incident the night before,they also said they had another incident the night before,57,57,0.3226565954079408,negative,0
&quot; &quot;have you the e-mail from miley ??i want to write with her but i cant,&quot; &quot;have you the e-mail from miley ??i want to write with her but i cant,81,81,0.33780334735421563,negative,0
"ready for bed, first day closing by myself at work tomorrow...scary! haha goodnight","ready for bed, first day closing by myself at work tomorrow...scary! haha goodnight",83,83,0.5190200725690932,positive,1
"one more day of meetings until no meeting day, already full of meetings","one more day of meetings until no meeting day, already full of meetings",71,71,0.29311537473325083,negative,0
twihirl/tweetdeck dont support indic font as now me to having problem,twihirl/tweetdeck dont support indic font as now me to having problem,69,69,0.27799893251852426,negative,0
"i thought you were leaving today! i was gonna see you off have fun, the proposal is funny. as is year 1. i miss u!","i thought you were leaving today! i was gonna see you off have fun, the proposal is funny. as is year 1. i miss u!",114,114,0.36427767473665396,negative,0
just came back from hanging with chels after work ended! boy that girl is a ball of fun,just came back from hanging with chels after work ended! boy that girl is a ball of fun,87,87,0.8321098747232931,positive,1
feeling more awake then when i first got up this morning. i was tired. can't wait till i have gym!,feeling more awake then when i first got up this morning. i was tired. can't wait till i have gym!,98,98,0.555270667437815,positive,1
dachshund luke is back sleeping up my sweatshirt. i think i need a sling to carry him maybe could make one,dachshund luke is back sleeping up my sweatshirt. i think i need a sling to carry him maybe could make one,106,106,0.5460793392723384,positive,1
". seriously, where do you live these days? asuuming not kennesaw. i'm in bfe. this is sarah hammond by the way!",". seriously, where do you live these days? asuuming not kennesaw. i'm in bfe. this is sarah hammond by the way!",111,111,0.5185847330949008,positive,1
loving minimum responsibility. not loving track work,loving minimum responsibility. not loving track work,52,52,0.5849875180600577,positive,0
"dude...this weekend, i'm making a mr. mckown fan group on bookface. go and look out for it","dude...this weekend, i'm making a mr. mckown fan group on bookface. go and look out for it",90,90,0.8317549733766127,positive,1
"u do have a real job, being a rawkstarrr xd ohyerr come 2 newcastle and visit mee, i'm sick","u do have a real job, being a rawkstarrr xd ohyerr come 2 newcastle and visit mee, i'm sick",91,91,0.21035247455759806,negative,0
working sucks but i need the money for a beagle lol love you jason,working sucks but i need the money for a beagle lol love you jason,66,66,0.2709129433049964,negative,0
"shoot me now, the amount of work i have ahead of me is ridiculous","shoot me now, the amount of work i have ahead of me is ridiculous",65,65,0.19786183580328937,negative,0
i asked aqila to sent roger's number to you and i was about to watching 17 again but there's no seats left,i asked aqila to sent roger's number to you and i was about to watching 17 again but there's no seats left,106,106,0.2499232131449412,negative,0
is at home and is sick,is at home and is sick,22,22,0.07922631134131168,negative,0
is in the city with tits mcgee,is in the city with tits mcgee,30,30,0.7282842862895796,positive,1
feels sad n devestated tat one of his beloved hamsters died jus a moment ago. :'-( (tears),feels sad n devestated tat one of his beloved hamsters died jus a moment ago. :'-( (tears),90,90,0.011582410400272,negative,0
where are you? in bris? i can't hear any thunder,where are you? in bris? i can't hear any thunder,48,48,0.1622112579334022,negative,0
khaste shodam enghad makaruni khordam,khaste shodam enghad makaruni khordam,37,37,0.610322884606758,positive,1
going to see &quot;drag me to hell&quot; with sydney later tonight,going to see &quot;drag me to hell&quot; with sydney later tonight,66,66,0.8545178849082254,positive,1
bestfamoustweets -- melissa gilbert has talked to me.... don't think kirstie has.,bestfamoustweets -- melissa gilbert has talked to me.... don't think kirstie has.,81,81,0.10558210030078635,negative,0
it's very yum! but we didn't end up going,it's very yum! but we didn't end up going,41,41,0.34003945342326797,negative,0
still blooming! could have sworn was in ak. sorry. he's a great guy though.,still blooming! could have sworn was in ak. sorry. he's a great guy though.,75,75,0.21281982092351726,negative,1
the other sister is on! a fine example of using &quot;olive juice&quot;,the other sister is on! a fine example of using &quot;olive juice&quot;,71,71,0.7279016282489439,positive,1
: voting on jira - you made my head hurt!,: voting on jira - you made my head hurt!,41,41,0.5544256562636704,positive,1
id love to but im all the way up in pa,id love to but im all the way up in pa,38,38,0.3757248114467628,negative,0
just got home. good times with my girlfriends happy birthday (again) ninna!,just got home. good times with my girlfriends happy birthday (again) ninna!,75,75,0.9280269856628597,positive,1
"hahaaa, glad to hear you are enjoying it","hahaaa, glad to hear you are enjoying it",40,40,0.9548795035978425,positive,1
bed time (something like 3:20 in the morning),bed time (something like 3:20 in the morning),45,45,0.7012822402395323,positive,1
aaaahhhh i missed it!,aaaahhhh i missed it!,21,21,0.10734952996245073,negative,0
help! somewhere in my room is a big bug. i hope it doesn't gnaw off a piece of my face overnight,help! somewhere in my room is a big bug. i hope it doesn't gnaw off a piece of my face overnight,96,96,0.19999915626578163,negative,0
is any there,is any there,12,12,0.41205154344032885,negative,0
im sooo not mean! totally loving !! hope ur havin fun on ur havin fun on jury duty maanu !!!,im sooo not mean! totally loving !! hope ur havin fun on ur havin fun on jury duty maanu !!!,92,92,0.7502246237041307,positive,1
going to make fruit tarts this weekend,going to make fruit tarts this weekend,38,38,0.7338782426473747,positive,1
hi dude i had problems sending an email to you it just failed many times do not know why,hi dude i had problems sending an email to you it just failed many times do not know why,88,88,0.353812190464378,negative,1
"listening to lady gaga and uploading some photos, school is almost here!! waaah! major case of school blues..","listening to lady gaga and uploading some photos, school is almost here!! waaah! major case of school blues..",109,109,0.6455532424816873,positive,0
will keep in mind but order posted and vouchers well and truly spent!,will keep in mind but order posted and vouchers well and truly spent!,69,69,0.7422750110003625,positive,1
i have a sweet wolf one to show you hold on,i have a sweet wolf one to show you hold on,43,43,0.8334126283586816,positive,1
my blackberry's got a fatty (battery) guess we're kinda in the same boat huh ?,my blackberry's got a fatty (battery) guess we're kinda in the same boat huh ?,78,78,0.23010438642369538,negative,0
"see this royal variety charity, does that mean any money raised goes to .........royalty?","see this royal variety charity, does that mean any money raised goes to .........royalty?",89,89,0.6022569385734772,positive,1
tack fã¶r din retweet,tack fã¶r din retweet,21,21,0.7709427594717262,positive,1
i know but..i dunno i don't like admitting i'm &quot;disabled&quot; 'cause i don't feel like i am.,i know but..i dunno i don't like admitting i'm &quot;disabled&quot; 'cause i don't feel like i am.,98,98,0.08324025987268971,negative,0
i could always use some new friends,i could always use some new friends,35,35,0.8233427583984081,positive,1
"smoke is clearing up, fire's starting to appear visible.. (dedicated to a friend)","smoke is clearing up, fire's starting to appear visible.. (dedicated to a friend)",81,81,0.4357138569151027,negative,0
"out all night with mags, steve, fred, and jay!","out all night with mags, steve, fred, and jay!",46,46,0.7197539565946538,positive,1
i love how only appreciates my efforts,i love how only appreciates my efforts,38,38,0.6354070508701324,positive,0
"haizz, thats' so borin'. my parents n younger bro r goin' out, i'm at home alone watching tv instead, waitin' 4 &quot;27 dresses&quot; ^-^","haizz, thats' so borin'. my parents n younger bro r goin' out, i'm at home alone watching tv instead, waitin' 4 &quot;27 dresses&quot; ^-^",138,138,0.4316348586363354,negative,0
shut down by the cops!,shut down by the cops!,22,22,0.2853853044056788,negative,0
"and i called you but your dad tolds me that you were not at home, so and omg your twitter photo is so wow!","and i called you but your dad tolds me that you were not at home, so and omg your twitter photo is so wow!",106,106,0.3552824857576524,negative,0
gosh you win. have a good night all the same ;),gosh you win. have a good night all the same ;),47,47,0.8617050261673331,positive,0
thanks sungoldhalo for the nice message!,thanks sungoldhalo for the nice message!,40,40,0.9795927528050321,positive,1
hope everything is okay...men can be frustrating,hope everything is okay...men can be frustrating,48,48,0.38585631725219327,negative,0
tired. sleepy. exhausted. need my beauty sleep!,tired. sleepy. exhausted. need my beauty sleep!,47,47,0.018068281879005697,negative,0
hey sweetheart,hey sweetheart,14,14,0.9233758590582778,positive,1
back in town now to go home and do laundry and unpack,back in town now to go home and do laundry and unpack,53,53,0.2574929904925732,negative,0
"i miss , , and ... i love you guys!","i miss , , and ... i love you guys!",35,35,0.2453272830778492,negative,0
ugh a bunch of sheets of papee cut me open all over the place at once i get off at 3 lets go to the movies.,ugh a bunch of sheets of papee cut me open all over the place at once i get off at 3 lets go to the movies.,107,107,0.20406785861689136,negative,0
does not llike the new internet explorer 8 yet. boo i want 7 back,does not llike the new internet explorer 8 yet. boo i want 7 back,65,65,0.062170478891628946,negative,0
i haven't forgotten you! i just can't get to you.,i haven't forgotten you! i just can't get to you.,49,49,0.269404945741602,negative,0
omg! i ran out of hairspray,omg! i ran out of hairspray,27,27,0.1807941064933665,negative,0
kentucky derby party? on the way to buy hats,kentucky derby party? on the way to buy hats,44,44,0.7358728210069492,positive,1
excited for new york in less then 2 weeks :] i miss that place!,excited for new york in less then 2 weeks :] i miss that place!,63,63,0.4981210156445442,negative,1
when is the beta phase can be expected? (wann ist mit der beta phase zu rechnen?) sorry for my bad english,when is the beta phase can be expected? (wann ist mit der beta phase zu rechnen?) sorry for my bad english,106,106,0.40192132969232625,negative,1
"ooh which ones did you get? and you know you'll soon be able to get from me, so no worries about custom charges","ooh which ones did you get? and you know you'll soon be able to get from me, so no worries about custom charges",111,111,0.808003071722565,positive,1
and i just missed it how can you say that about the tt's i have all their 12&quot; remixes still kudos on the honesty *sniff*,and i just missed it how can you say that about the tt's i have all their 12&quot; remixes still kudos on the honesty *sniff*,125,125,0.24458560643930236,negative,0
hello my lovely followers love and peace from my house lolz we just need the weather!,hello my lovely followers love and peace from my house lolz we just need the weather!,85,85,0.9096291967705634,positive,1
"hah, i wish. i'm still feeling like death","hah, i wish. i'm still feeling like death",41,41,0.0855724223674985,negative,0
i love strawberry shortcake!,i love strawberry shortcake!,28,28,0.9795610547008169,positive,1
"i love walking in the rain. just got home, and also got a mani/pedi.","i love walking in the rain. just got home, and also got a mani/pedi.",68,68,0.7724584038351464,positive,1
feedly tracking moods on twitter with a physical carousel display - this makes me,feedly tracking moods on twitter with a physical carousel display - this makes me,81,81,0.7150547157543382,positive,1
walking through the park with cath...what a beautiful day,walking through the park with cath...what a beautiful day,57,57,0.9352903153385175,positive,1
awesome ds game ahead &quot;knights in the nightmare&quot; jun 2,awesome ds game ahead &quot;knights in the nightmare&quot; jun 2,64,64,0.7744411875100671,positive,1
"hello, my parents r huge fans of urs and would love if u hanged out with them for a bit in adelaide, vb is on them have fun!!!!","hello, my parents r huge fans of urs and would love if u hanged out with them for a bit in adelaide, vb is on them have fun!!!!",127,127,0.8956002222600048,positive,1
tweet us a story x,tweet us a story x,18,18,0.7819581939833077,positive,1
fams doin great! right,fams doin great! right,22,22,0.9605318260022115,positive,1
"no. i just can't locate or contact my friend that was storing it for me, so i can't get it back","no. i just can't locate or contact my friend that was storing it for me, so i can't get it back",95,95,0.27713691642528665,negative,0
just wating for the coffee grinder to finish coffeeee...,just wating for the coffee grinder to finish coffeeee...,56,56,0.786302654137766,positive,1
hi cindy from appleton! thx 4 the follow! snag me on and take the tour!,hi cindy from appleton! thx 4 the follow! snag me on and take the tour!,71,71,0.911132235895793,positive,1
fuck all hahahah. pitt is so last year,fuck all hahahah. pitt is so last year,38,38,0.40976731332738275,negative,1
"looks like itunes store is having that annoying 8001 error, can't download it at the moment","looks like itunes store is having that annoying 8001 error, can't download it at the moment",91,91,0.12027005863309861,negative,0
taking swimming classes with sharon starting july 6. hopefully i'll learn how to at least float. i fail in the water.,taking swimming classes with sharon starting july 6. hopefully i'll learn how to at least float. i fail in the water.,117,117,0.5239151265378745,positive,0
need to take a walk to the bank later. mom owes me.,need to take a walk to the bank later. mom owes me.,51,51,0.506031380679793,positive,1
well hers is black and boke and yea its tryin to be like mine and it is quite similiar. its gay,well hers is black and boke and yea its tryin to be like mine and it is quite similiar. its gay,95,95,0.3980995567624587,negative,0
eugh cold and bored no one fun is online on msn,eugh cold and bored no one fun is online on msn,47,47,0.12384154255935437,negative,0
i wish my grandma could make me a spinach pie for my birthday,i wish my grandma could make me a spinach pie for my birthday,61,61,0.2606638362291573,negative,0
i like them allll!,i like them allll!,18,18,0.6972079927597179,positive,1
"i just got my heart broken, the guy i like , its kinda in love with a friend of mine and he wants me to help him! sad","i just got my heart broken, the guy i like , its kinda in love with a friend of mine and he wants me to help him! sad",117,117,0.24354169110522947,negative,0
bianca sprained her ankle &amp; wont be at school 2morrow d: dammnn,bianca sprained her ankle &amp; wont be at school 2morrow d: dammnn,67,67,0.11896064962394293,negative,0
not enough hours in the day,not enough hours in the day,27,27,0.2775872989119213,negative,0
tgif! mani pedi today!,tgif! mani pedi today!,22,22,0.7843921537685017,positive,1
"if you wanted to make me feel even more stupid you have succeeded . lol, so what's going on?","if you wanted to make me feel even more stupid you have succeeded . lol, so what's going on?",92,92,0.45931444558258966,negative,1
is hungry... as always.,is hungry... as always.,23,23,0.2598318179740739,negative,0
- it's a shame these things always happen while i'm at work,- it's a shame these things always happen while i'm at work,59,59,0.12898355665457756,negative,0
sorry but who would usually keep her every weekend while they work ?,sorry but who would usually keep her every weekend while they work ?,68,68,0.3304419656362243,negative,0
jack in the box! only seven bucks.,jack in the box! only seven bucks.,34,34,0.3997935906253743,negative,0
omg i luved it!! can wait to see kris with the monkey!!,omg i luved it!! can wait to see kris with the monkey!!,55,55,0.9063989046929705,positive,1
we should try and get shaunjumpnow a trending topic before andy and shaun get theirs,we should try and get shaunjumpnow a trending topic before andy and shaun get theirs,84,84,0.8049509985298113,positive,1
been up for almost 24 hrs straight!!!!...went shopping in limerick instead of going to sleep after my flight...on that note nighty night,been up for almost 24 hrs straight!!!!...went shopping in limerick instead of going to sleep after my flight...on that note nighty night,136,136,0.6506351108809791,positive,1
"weeellll, working the plan! juggling implementing/ absorbing and real life in between such a lovely day too enjoy the day!","weeellll, working the plan! juggling implementing/ absorbing and real life in between such a lovely day too enjoy the day!",122,122,0.8183086156111509,positive,1
just went on a free yogurt hunt. managed to get 4,just went on a free yogurt hunt. managed to get 4,49,49,0.7094362001116996,positive,1
"good ur getting better. school was good. i was focusing more on my ipod today than school though really, lmao","good ur getting better. school was good. i was focusing more on my ipod today than school though really, lmao",109,109,0.6551970554296616,positive,0
stupid school!! i hate waking up in the morning,stupid school!! i hate waking up in the morning,47,47,0.10477504148512468,negative,0
it's goin well..i see u still didn't order it tho..,it's goin well..i see u still didn't order it tho..,51,51,0.23028517614434682,negative,0
hey taylor u'd really make my day if u just reply to me. just wanted to say u are awesome n i love ur songs! write more!,hey taylor u'd really make my day if u just reply to me. just wanted to say u are awesome n i love ur songs! write more!,120,120,0.8665597941584421,positive,1
please make my day.. hope you could reply just a simple &quot;hi&quot;. i would totally be happy for the rest of the year.,please make my day.. hope you could reply just a simple &quot;hi&quot;. i would totally be happy for the rest of the year.,122,122,0.8939825806726783,positive,1
maybe they have tooth shaped post-its now...dentists use them im sure,maybe they have tooth shaped post-its now...dentists use them im sure,69,69,0.6238695730929295,positive,1
i have the day off! hence that means i am still in bed,i have the day off! hence that means i am still in bed,54,54,0.4023877594644038,negative,1
trying 575b seems nice - really want twitpic and multiply accounts please,trying 575b seems nice - really want twitpic and multiply accounts please,73,73,0.49288816505483113,negative,1
it's a relient k song. but yeah . you should know they are (hopefully).. snark? please elaborate on this.,it's a relient k song. but yeah . you should know they are (hopefully).. snark? please elaborate on this.,105,105,0.8303385766412131,positive,1
i miss my baby in japan,i miss my baby in japan,23,23,0.047156105943620685,negative,0
is watching grease! i love this movie. it's my favorite musical of all time!,is watching grease! i love this movie. it's my favorite musical of all time!,76,76,0.9376516950045319,positive,1
i miss my hubby i hate sundays cause it the beginning of a long week,i miss my hubby i hate sundays cause it the beginning of a long week,68,68,0.04712292210694946,negative,0
not doing anything tonight,not doing anything tonight,26,26,0.28035285799048115,negative,0
actually it also crashes on my iphone. and i haven't updated it to 3.0.,actually it also crashes on my iphone. and i haven't updated it to 3.0.,71,71,0.24795135410378183,negative,0
watched &quot;star trek&quot; with my sister last night..the movie finished at nearly 2:30am..look what i've got! a pair of freaking eyebags!!,watched &quot;star trek&quot; with my sister last night..the movie finished at nearly 2:30am..look what i've got! a pair of freaking eyebags!!,142,142,0.7071726417657429,positive,0
lol use to be my boooyfriend we met on blackplanet n i use to sneak on the phone n talk 2 him all night long p,lol use to be my boooyfriend we met on blackplanet n i use to sneak on the phone n talk 2 him all night long p,110,110,0.62564823308868,positive,1
"aww â£50 already, eek. is everywhere sold out?","aww â£50 already, eek. is everywhere sold out?",46,46,0.12873486589572902,negative,0
"great series thou, should be another one in the cavs lakers finals lol","great series thou, should be another one in the cavs lakers finals lol",70,70,0.7765289486832021,positive,0
"jah kita slisiban doang kalo ak ktmu llyod ak njerit yakin, eh td link ap sih? ak pk hp, gbs youtube-an","jah kita slisiban doang kalo ak ktmu llyod ak njerit yakin, eh td link ap sih? ak pk hp, gbs youtube-an",103,103,0.4504464868924548,negative,0
up to 33 followers on twitter; want to break 100 by next week...are you willing? i'll try my best to be witty,up to 33 followers on twitter; want to break 100 by next week...are you willing? i'll try my best to be witty,109,109,0.694262516064284,positive,1
thanks heather,thanks heather,14,14,0.9470123499376092,positive,1
i had a feeling she was fighting a losing battle,i had a feeling she was fighting a losing battle,48,48,0.034142661402040794,negative,0
stopping for breakfast just realized we haven't eaten all day!,stopping for breakfast just realized we haven't eaten all day!,62,62,0.3786583995774413,negative,1
here's some of my projects,here's some of my projects,26,26,0.4870544792492891,negative,1
ah i broke apache,ah i broke apache,17,17,0.07660994046195099,negative,0
about to sleep,about to sleep,14,14,0.5408768257573154,positive,1
hey i never got your text.......i'm sad i had something important to tell you......now i forgot!,hey i never got your text.......i'm sad i had something important to tell you......now i forgot!,96,96,0.137037153203889,negative,0
is it an adventure? let me know,is it an adventure? let me know,31,31,0.614097295566776,positive,1
re-pinging : she's still under the covers. ------suuuuure...,re-pinging : she's still under the covers. ------suuuuure...,60,60,0.5656472571085687,positive,1
just found out about the new incubus album! i need to get it,just found out about the new incubus album! i need to get it,60,60,0.5197226574572855,positive,1
trying to act careless,trying to act careless,22,22,0.3147196347676352,negative,0
"it broke yesterday, chris hemsworth will be thor! sorry bout the comp troubles","it broke yesterday, chris hemsworth will be thor! sorry bout the comp troubles",78,78,0.16582468681410675,negative,0
"i think i may have just lost a year's worth of pictures from the memory card in my phone. i'll know more in the am, but omg. gonna cry.","i think i may have just lost a year's worth of pictures from the memory card in my phone. i'll know more in the am, but omg. gonna cry.",135,135,0.13665909590428438,negative,0
?are you gathering up items for the shs garage sale?,?are you gathering up items for the shs garage sale?,52,52,0.74522778437234,positive,1
"watch what u say to people, it can come back and bite u in the hiney! i'm done wit u!!! u are stupid and immature","watch what u say to people, it can come back and bite u in the hiney! i'm done wit u!!! u are stupid and immature",113,113,0.4085353542616569,negative,0
"oohh.. thanks!! i think i did well on the 3 first, but the last 2 were a bit rubbish.. i think i'll pass anyways hw are u?","oohh.. thanks!! i think i did well on the 3 first, but the last 2 were a bit rubbish.. i think i'll pass anyways hw are u?",122,122,0.6379261772428997,positive,1
you won't be disappointed,you won't be disappointed,25,25,0.09079369401152564,negative,1
just a few more minutes of soccer. fc twente is falling behind....,just a few more minutes of soccer. fc twente is falling behind....,66,66,0.4864428666272345,negative,0
*bows* this is as much your achievement as mine. thanks again,*bows* this is as much your achievement as mine. thanks again,61,61,0.8228118451460135,positive,1
"final destination 1,2 and 3 is like the best movies ever","final destination 1,2 and 3 is like the best movies ever",56,56,0.8510511799829049,positive,1
ooooh! that's lovely!,ooooh! that's lovely!,21,21,0.8593491900052216,positive,1
ahahahaha just got if you seek amy? [random],ahahahaha just got if you seek amy? [random],44,44,0.8999260152170802,positive,1
just got done working.. catching up on the bachelorette and then back to work in 9 hours,just got done working.. catching up on the bachelorette and then back to work in 9 hours,88,88,0.31186323777844455,negative,0
"you guys have no idea how evil can people. or am i just too paranoid. whatever shit it is, i simply just hate all people","you guys have no idea how evil can people. or am i just too paranoid. whatever shit it is, i simply just hate all people",120,120,0.2552162300133611,negative,1
hallooo dhea,hallooo dhea,12,12,0.610322884606758,positive,1
hello to anne &amp; your year 12 students from ballarat! perfect autumn weather! what are your students up to today?,hello to anne &amp; your year 12 students from ballarat! perfect autumn weather! what are your students up to today?,116,116,0.8967857916149092,positive,1
sooo tired. want to go to bed.,sooo tired. want to go to bed.,30,30,0.07881615748553444,negative,0
im-ing with sam,im-ing with sam,15,15,0.6960048215048461,positive,1
uptime 717am tired tears,uptime 717am tired tears,24,24,0.1361816452385193,negative,0
so sad about my big problem,so sad about my big problem,27,27,0.01795208551791058,negative,0
"hey lesley! where's the promotion? the album is amazing, electrik red deserve success!","hey lesley! where's the promotion? the album is amazing, electrik red deserve success!",86,86,0.8665919256570069,positive,0
lost my prescription sunglasses the other day. not very happy with myself.,lost my prescription sunglasses the other day. not very happy with myself.,74,74,0.09843619575782611,negative,0
half-life 2 main campaign episode 2 is pretty awesome,half-life 2 main campaign episode 2 is pretty awesome,53,53,0.8687923721421388,positive,1
gladly (i manage a couple pages - makes it easy to answer),gladly (i manage a couple pages - makes it easy to answer),58,58,0.6576433509475977,positive,1
oh i am so sorry to hear that what part of phx are your relatives?,oh i am so sorry to hear that what part of phx are your relatives?,66,66,0.193309345882315,negative,0
i can has a math test today?,i can has a math test today?,28,28,0.18405509370144132,negative,0
sat tomorrow!,sat tomorrow!,13,13,0.3007855825218917,negative,0
2 more hours until lunch! the only bad thing about leaving for lunch is that you have to come back,2 more hours until lunch! the only bad thing about leaving for lunch is that you have to come back,98,98,0.23068176274665103,negative,0
asu_coned has online programs for military spouses wanting to use their caa funds. go to the portal &amp; look for us,asu_coned has online programs for military spouses wanting to use their caa funds. go to the portal &amp; look for us,117,117,0.4977521221300287,negative,1
so proud of you. i loved the about me section,so proud of you. i loved the about me section,45,45,0.9370813517256078,positive,1
thinks shes losing her best friend,thinks shes losing her best friend,34,34,0.2627505837229002,negative,0
"you are, and idiot.","you are, and idiot.",19,19,0.7406100088071765,positive,0
"bewteen you and i, i still keep your pictures underneath my bed. such a good song.","bewteen you and i, i still keep your pictures underneath my bed. such a good song.",82,82,0.7239497426234142,positive,0
storms scare me and im all alone in this creepy house,storms scare me and im all alone in this creepy house,53,53,0.24863313377986562,negative,0
yesterday it was a month until light water valley.fuck thats ages away. light water valley- highlight of the school year,yesterday it was a month until light water valley.fuck thats ages away. light water valley- highlight of the school year,120,120,0.28505910045407035,negative,1
it's ok megs! we will have my house to us for a few days and that will be fun! britlee &lt;3,it's ok megs! we will have my house to us for a few days and that will be fun! britlee &lt;3,92,92,0.8229717977993344,positive,1
forrr real. it makes life seem slower,forrr real. it makes life seem slower,37,37,0.4422201125277347,negative,0
totally agree publicbuspool that is the best when it's only your colleagues around! hate it when it's raining on hosur road!,totally agree publicbuspool that is the best when it's only your colleagues around! hate it when it's raining on hosur road!,124,124,0.5661170334502319,positive,1
wonderful. i have a post scheduled for later,wonderful. i have a post scheduled for later,44,44,0.8836498349205032,positive,1
haahaa - intofeverdreams: thatâs totally me â yayyyy. ahahah. xd,haahaa - intofeverdreams: thatâs totally me â yayyyy. ahahah. xd,66,66,0.7569849513567215,positive,1
nice i had cousins who use to live at yass. i asked as struggling to help saudi friend pick place to live in sydney.,nice i had cousins who use to live at yass. i asked as struggling to help saudi friend pick place to live in sydney.,116,116,0.6137464585934668,positive,1
cannot wait for kendra wilkinson's show tomorrow night!!,cannot wait for kendra wilkinson's show tomorrow night!!,56,56,0.7937428804332092,positive,1
hills + mtv movie awards,hills + mtv movie awards,24,24,0.8313484366893537,positive,1
"as of 3:30 when i drove by, they are still spraying water at the georgia theatre","as of 3:30 when i drove by, they are still spraying water at the georgia theatre",80,80,0.33625259180007167,negative,0
whoa! if you added from youtube thanks for watchingg btw if you dont have me on youtube check out my vidz ....jbisahhmazing!,whoa! if you added from youtube thanks for watchingg btw if you dont have me on youtube check out my vidz ....jbisahhmazing!,124,124,0.9715399003679898,positive,1
just very close to something pretty big. never seen this before which could mean: a) it doesn't work b) it is brilliant. i bet on b,just very close to something pretty big. never seen this before which could mean: a) it doesn't work b) it is brilliant. i bet on b,131,131,0.38020221840285534,negative,1
watching this movie named 2012: doomsday. really bad special features.,watching this movie named 2012: doomsday. really bad special features.,70,70,0.30549263047506425,negative,0
i'm in sat math class...omgee this is soooo boring!! i wanna sleep uhg! i'm singing usher in my head,i'm in sat math class...omgee this is soooo boring!! i wanna sleep uhg! i'm singing usher in my head,100,100,0.0958562968828755,negative,1
"everyone should like where they work, it makes me sad when i hear that people hate being here.","everyone should like where they work, it makes me sad when i hear that people hate being here.",94,94,0.03461129906741363,negative,0
"soo exhausted, from the day today ;), cooking for 3 hours !!!","soo exhausted, from the day today ;), cooking for 3 hours !!!",61,61,0.31514606142833623,negative,0
hahaha. im at the office and its cold up in hurrrr.,hahaha. im at the office and its cold up in hurrrr.,51,51,0.3285914699853854,negative,1
"damn pneumatic tyres, with their unreasonable propensity to deflate","damn pneumatic tyres, with their unreasonable propensity to deflate",67,67,0.2117690934614027,negative,0
"good morning philippines, hello world and hi to all animals...","good morning philippines, hello world and hi to all animals...",62,62,0.9559338462215365,positive,1
by pinky,by pinky,8,8,0.48461710538719427,negative,0
i hope gets better love you,i hope gets better love you,27,27,0.734029034082482,positive,0
laughter is brilliant always makes a smile,laughter is brilliant always makes a smile,42,42,0.9045346720307484,positive,1
thanks!,thanks!,7,7,0.9981194578994557,positive,1
tweetdeck is crashing my pc today,tweetdeck is crashing my pc today,33,33,0.23734949627779053,negative,0
ooooh toy story 3 teaser trailer on apple.com/trailers ... only a year left til release .... want to go see the hangover tommorrow night,ooooh toy story 3 teaser trailer on apple.com/trailers ... only a year left til release .... want to go see the hangover tommorrow night,136,136,0.369370788510704,negative,0
"wasted money on the lottery, working tomorrow laying in bed listening to harry potter","wasted money on the lottery, working tomorrow laying in bed listening to harry potter",85,85,0.5954398626878942,positive,0
won't hurt u to say it from time to time,won't hurt u to say it from time to time,40,40,0.4007340827275863,negative,0
traffic nevers seems like a bad thing when i use the time to talk to &amp; thank jesus! you should try it to!,traffic nevers seems like a bad thing when i use the time to talk to &amp; thank jesus! you should try it to!,109,109,0.7410939742527323,positive,1
okay im confused now but ok ima just agree *smile and nod* hahaha,okay im confused now but ok ima just agree *smile and nod* hahaha,65,65,0.7794969585255263,positive,1
hitting the bed now...start wrk tom at 8 *yawn*,hitting the bed now...start wrk tom at 8 *yawn*,47,47,0.434795486632901,negative,0
lol. stay strong! there's a rainbow after the rain.,lol. stay strong! there's a rainbow after the rain.,51,51,0.7873351867485877,positive,1
gonna watch a volleyball game tomorrow with dad and probably some of my team mates.,gonna watch a volleyball game tomorrow with dad and probably some of my team mates.,83,83,0.765178441956462,positive,1
"got a new hairdo, but i'm not to happy about it. it's way to short","got a new hairdo, but i'm not to happy about it. it's way to short",66,66,0.6462738790333091,positive,0
im playing solo cannot trust anyone these days!! but this is really pissing me off as nothing getting done!!,im playing solo cannot trust anyone these days!! but this is really pissing me off as nothing getting done!!,108,108,0.2721502382494851,negative,0
"because he &quot;bits&quot; too much.. d; when i found out i was in deep shock, and tears. d: atleast i have interent?","because he &quot;bits&quot; too much.. d; when i found out i was in deep shock, and tears. d: atleast i have interent?",118,118,0.38893537874471473,negative,1
"i'm flat broke, otherwise i would have","i'm flat broke, otherwise i would have",38,38,0.18911865040062295,negative,0
anytime,anytime,7,7,0.8704448858321746,positive,1
bout to go to work. i have no clue when ill get done.,bout to go to work. i have no clue when ill get done.,53,53,0.07014631732519842,negative,0
call or text xoxo,call or text xoxo,17,17,0.732251452789943,positive,1
just got this thing hooked up...only have 1 follower,just got this thing hooked up...only have 1 follower,52,52,0.33111135990253093,negative,0
"yep my b day today, they usually do that the buggers","yep my b day today, they usually do that the buggers",52,52,0.5439141936116941,positive,0
i know! i asked amy where you were and she said you just left!,i know! i asked amy where you were and she said you just left!,62,62,0.33292307497944623,negative,0
last night in tokyo. running out of money and clean undies,last night in tokyo. running out of money and clean undies,58,58,0.3413377831959957,negative,1
they said mexico.. but still far away from where i live i hope that too!,they said mexico.. but still far away from where i live i hope that too!,72,72,0.11605484387740267,negative,0
examiner.com to see if i can post guest blogs. love how great minds think alike. ur 1 idea was something i did at my wedding last year,examiner.com to see if i can post guest blogs. love how great minds think alike. ur 1 idea was something i did at my wedding last year,134,134,0.9078418429819436,positive,1
it's national leave the office earlier day - i should have read my google home page sooner,it's national leave the office earlier day - i should have read my google home page sooner,90,90,0.47017671574145753,negative,0
i am thanking the lord for long island ice tea,i am thanking the lord for long island ice tea,46,46,0.7554450561126937,positive,1
my dog is so fucking annoying. stop growling! you're scaring me,my dog is so fucking annoying. stop growling! you're scaring me,63,63,0.14950965578554704,negative,0
i am tired today too... hope you enjoy the singing moment!,i am tired today too... hope you enjoy the singing moment!,58,58,0.5133662483741384,positive,0
l0phtcrack is back! brings back memories of high school,l0phtcrack is back! brings back memories of high school,55,55,0.7092775192257118,positive,1
i know right who knows.. it's like impossible that it just dissapeared :s? xxx,i know right who knows.. it's like impossible that it just dissapeared :s? xxx,78,78,0.6127606331313608,positive,0
world is not being fare with each other these days.,world is not being fare with each other these days.,51,51,0.3128566873440807,negative,0
yep! its acting super weird for me!,yep! its acting super weird for me!,35,35,0.3046158613842714,negative,0
ohh. yeah i was still there,ohh. yeah i was still there,27,27,0.3227731921711592,negative,0
i'm going to cry my cry broke down and my concert starts in 20 mins and we are just getting to the hotel noooo,i'm going to cry my cry broke down and my concert starts in 20 mins and we are just getting to the hotel noooo,110,110,0.04500944046110032,negative,0
"i know, i hate to see men cry","i know, i hate to see men cry",29,29,0.04916733935418849,negative,0
ugh.... cassie ventura strikes again! just wasted another hot beat,ugh.... cassie ventura strikes again! just wasted another hot beat,66,66,0.1821767877541099,negative,0
not hatebut i clash with them because i am a powerful woman. so i guess i get the opposite thing. and you're totally right about mystery.,not hatebut i clash with them because i am a powerful woman. so i guess i get the opposite thing. and you're totally right about mystery.,137,137,0.6390672411267717,positive,0
"oh that's true, we don't decide what we should dance good nightâ²!","oh that's true, we don't decide what we should dance good nightâ²!",66,66,0.8016032708224781,positive,1
aww...you're pretty dang cool yourself! followfriday love backatcha!,aww...you're pretty dang cool yourself! followfriday love backatcha!,68,68,0.9664010031657924,positive,1
there was moonshine involved in that last tweet happy 2 be with,there was moonshine involved in that last tweet happy 2 be with,63,63,0.7971438137953557,positive,1
"lol are u talking tv as in screen with picture, or dressing up as a guy","lol are u talking tv as in screen with picture, or dressing up as a guy",71,71,0.7808304084689336,positive,1
never thought you could call floyd mayweather classy - but here's the proof - what a bloke,never thought you could call floyd mayweather classy - but here's the proof - what a bloke,90,90,0.5988175034482732,positive,1
off out with rianna then to ryons,off out with rianna then to ryons,33,33,0.7579192723678482,positive,1
awwh mann ;; have earth science regents in a lilll ! kinda scareddd :-/ *bites nails* haha !,awwh mann ;; have earth science regents in a lilll ! kinda scareddd :-/ *bites nails* haha !,92,92,0.5304124805325615,positive,0
"rs8500, i've already spent rs3k","rs8500, i've already spent rs3k",31,31,0.301995270491429,negative,0
"yes jason, titles are your forte! now content....","yes jason, titles are your forte! now content....",49,49,0.846637002300032,positive,1
bless! haha i come back for your event and your not even here!,bless! haha i come back for your event and your not even here!,62,62,0.4704006119421736,negative,0
"a bat flew into my car when i was driving to walmart. i saw it flying right for me and them boom, head on! poor bat","a bat flew into my car when i was driving to walmart. i saw it flying right for me and them boom, head on! poor bat",115,115,0.24764579759825697,negative,0
"my thoughts exactly on the article, thanks for articulating so i don't have to","my thoughts exactly on the article, thanks for articulating so i don't have to",78,78,0.5300671768445469,positive,1
"early to bed, early to rise. up working and listening to the rain.","early to bed, early to rise. up working and listening to the rain.",66,66,0.6325447326803947,positive,1
thanks,thanks,6,6,0.9981194578994557,positive,1
"i hate revision, but i do love charlemagne, i just wish i already knew everything about him","i hate revision, but i do love charlemagne, i just wish i already knew everything about him",91,91,0.1212429801788004,negative,0
"tsssk, can't beat the sound of rain pattering on your fly-sheet while you're wrapped up in a warm bag with a mug of coffee","tsssk, can't beat the sound of rain pattering on your fly-sheet while you're wrapped up in a warm bag with a mug of coffee",122,122,0.6503489360313803,positive,1
"oh hell naw, twitter down for an hour of maintenance at 11pm?! wut.","oh hell naw, twitter down for an hour of maintenance at 11pm?! wut.",67,67,0.38018144046488966,negative,0
"and time flies too, when you need to rush stuff","and time flies too, when you need to rush stuff",47,47,0.5819065279137166,positive,0
"hey girl! it's carly, i sent you a a message on myspace but no response just wanted to congratulate you! you look great!","hey girl! it's carly, i sent you a a message on myspace but no response just wanted to congratulate you! you look great!",120,120,0.673705953436415,positive,0
"good morning 'verse - if yr able to stay in bed a bit longer, i'd do so","good morning 'verse - if yr able to stay in bed a bit longer, i'd do so",71,71,0.8106330720540281,positive,1
hey!!! *hug* i tried using both twitterfox and dt a while ago. neither of them worked as effectively as i expected.,hey!!! *hug* i tried using both twitterfox and dt a while ago. neither of them worked as effectively as i expected.,115,115,0.5042106194735111,positive,0
thanks for the follow mate!,thanks for the follow mate!,27,27,0.9871903587631337,positive,1
i thought of that one v and then thought it would be a better fit for you than us,i thought of that one v and then thought it would be a better fit for you than us,81,81,0.7892975710046407,positive,1
"finally got my pistaschio pudding mmmmmmmmmmmmmm. yay piss pudding. smells like playdough, but tastes better! tight!","finally got my pistaschio pudding mmmmmmmmmmmmmm. yay piss pudding. smells like playdough, but tastes better! tight!",116,116,0.8812003984791539,positive,1
happy mommy's day to all the wonderful beautiful mothers,happy mommy's day to all the wonderful beautiful mothers,56,56,0.9731905705001125,positive,1
anyone noticing if web-dns.co.uk is down - i use their nameserver for onwe of my domains,anyone noticing if web-dns.co.uk is down - i use their nameserver for onwe of my domains,88,88,0.35512275709343594,negative,0
thanks homey. lol.,thanks homey. lol.,18,18,0.9984555639761338,positive,1
it's 11.03 am lol and i'm just chilling,it's 11.03 am lol and i'm just chilling,39,39,0.8216129834079254,positive,1
thanks dude! it's awesome to be done.,thanks dude! it's awesome to be done.,37,37,0.9567937599320151,positive,1
miley follow me please!!!! i'm a biiig fan of you! and idk how i can talk with you,miley follow me please!!!! i'm a biiig fan of you! and idk how i can talk with you,82,82,0.5225957539795584,positive,0
oh well...as says &quot;they'll be back&quot;! i'll send you her &quot;handle&quot; then,oh well...as says &quot;they'll be back&quot;! i'll send you her &quot;handle&quot; then,88,88,0.8219874221286738,positive,1
", bay-kok is food. haha most khmer people know it, u can ask em",", bay-kok is food. haha most khmer people know it, u can ask em",63,63,0.8188643007638982,positive,1
headache,headache,8,8,0.011958508195971692,negative,0
emily is her 4 her bday.ugh.cant believe my sister is 20 now. i remember wen we used to play dress up.oh wait.tht was the other day. haha,emily is her 4 her bday.ugh.cant believe my sister is 20 now. i remember wen we used to play dress up.oh wait.tht was the other day. haha,137,137,0.25876974542403297,negative,0
crystal castles and sunshine the future is bright and tasty like tomatoes salsa salsa salsa,crystal castles and sunshine the future is bright and tasty like tomatoes salsa salsa salsa,91,91,0.8463458273512258,positive,1
"good choice, i was thinking along the kidneys line too! macbook it is then","good choice, i was thinking along the kidneys line too! macbook it is then",74,74,0.7609369729050114,positive,1
i hate how my body looks i hate how fat i am,i hate how my body looks i hate how fat i am,44,44,0.06927995680359508,negative,0
i'm hanging at mine for dear life. you can't have any or else i won't finish!,i'm hanging at mine for dear life. you can't have any or else i won't finish!,77,77,0.3931719759573043,negative,0
"hey, june gloom - eff you! i didn't want this cold.","hey, june gloom - eff you! i didn't want this cold.",51,51,0.17051164437438834,negative,0
at work my head hurts a little due to my neck! i hate when i sleep wrong!,at work my head hurts a little due to my neck! i hate when i sleep wrong!,73,73,0.0033183861196837932,negative,0
is at paulas shoppingg!,is at paulas shoppingg!,23,23,0.6700618581778072,positive,1
i believe the lines on at&amp;t stores are thickening up iphone 3g s,i believe the lines on at&amp;t stores are thickening up iphone 3g s,68,68,0.30094252709010655,negative,0
"actually , belle is beauty and the beast, bella with an a is from twilight. don't knock it 'til you try it.","actually , belle is beauty and the beast, bella with an a is from twilight. don't knock it 'til you try it.",107,107,0.8678433341025664,positive,1
he sounds sad,he sounds sad,13,13,0.051307540587877995,negative,0
"i'm trying to comment you back, but your profile's 'undergoing maintenance' and i can't!!","i'm trying to comment you back, but your profile's 'undergoing maintenance' and i can't!!",89,89,0.3812276101602765,negative,0
bloody awful poetry just confirmed to decorate your ears at tge..,bloody awful poetry just confirmed to decorate your ears at tge..,65,65,0.45053654333925636,negative,1
i hate school and i can't wait to get out. summerrr! june 17th.,i hate school and i can't wait to get out. summerrr! june 17th.,63,63,0.4482807864398736,negative,0
you're going to be soooooo happy when i tell you this. lesley has a twitter!,you're going to be soooooo happy when i tell you this. lesley has a twitter!,76,76,0.8726491581721332,positive,1
ahh your leaving? ill miss you home girl have hella fun,ahh your leaving? ill miss you home girl have hella fun,55,55,0.24981463012941843,negative,1
says live love grow.,says live love grow.,20,20,0.8755622293707389,positive,1
dang it. harry potter tickets are on sale. i have no money,dang it. harry potter tickets are on sale. i have no money,58,58,0.20936584955979032,negative,0
yes pretty horrible. just had to do it again as she shrieked at me. eghhh.,yes pretty horrible. just had to do it again as she shrieked at me. eghhh.,74,74,0.2543198308898204,negative,0
weird. we just watched that last night too. i agree with your review.,weird. we just watched that last night too. i agree with your review.,69,69,0.7114561756657765,positive,1
wonders where chad went...,wonders where chad went...,26,26,0.3485782680967778,negative,0
question of the day: which exotic city in indonesia that you want to visit?,question of the day: which exotic city in indonesia that you want to visit?,75,75,0.8299559814508072,positive,1
saw star trek last night! i loved it..have not seen the skit yet..i'll have to look online for it.,saw star trek last night! i loved it..have not seen the skit yet..i'll have to look online for it.,98,98,0.7069959309518543,positive,1
lol...jericho gets booed for telling the truth. only in wrestling.,lol...jericho gets booed for telling the truth. only in wrestling.,66,66,0.6878311593771015,positive,1
at work from 2 to most likely 12.,at work from 2 to most likely 12.,33,33,0.34547939570354497,negative,0
mikes labtop is slooow...&amp; i can't believe he caught me... just kidding babe...,mikes labtop is slooow...&amp; i can't believe he caught me... just kidding babe...,83,83,0.5495811314378445,positive,1
i can't wait for this day to come (aa) xd. haaan tk u so so much :$ &lt;3 i can't wait to read it it's gonna be awesome,i can't wait for this day to come (aa) xd. haaan tk u so so much :$ &lt;3 i can't wait to read it it's gonna be awesome,119,119,0.9086492504375934,positive,1
can i do it distance? lol,can i do it distance? lol,25,25,0.7159894564822266,positive,1
"i will give it a spin, its a shame because i was really taken with gravity.","i will give it a spin, its a shame because i was really taken with gravity.",75,75,0.2800243157355124,negative,0
typical sun gonna come out now i`m going to work....bah,typical sun gonna come out now i`m going to work....bah,55,55,0.3012788333662296,negative,0
was at my mum &amp; dads for tea today and promptly fell asleep on the couch afterwards bad boy the trouble was i did a lot of driving today,was at my mum &amp; dads for tea today and promptly fell asleep on the couch afterwards bad boy the trouble was i did a lot of driving today,140,140,0.14422362400601552,negative,0
"ive had worse nightmares than u trust me, ur not my worst","ive had worse nightmares than u trust me, ur not my worst",57,57,0.10503270826452932,negative,1
my wife cuts grass for a living-story of my life im a stay at home wife,my wife cuts grass for a living-story of my life im a stay at home wife,71,71,0.40915350834463227,negative,0
"camera battery charged, present wrapped...i think i'm ready for the wedding tomorrow","camera battery charged, present wrapped...i think i'm ready for the wedding tomorrow",84,84,0.5847987871896663,positive,1
look me in my eyes and try to feel my pain do you know how it feels to be left out in the rain?,look me in my eyes and try to feel my pain do you know how it feels to be left out in the rain?,95,95,0.12027230156447088,negative,0
just got the nicest comment on myspace. sometimes it's so good to know who your true friends are,just got the nicest comment on myspace. sometimes it's so good to know who your true friends are,96,96,0.92644827468477,positive,1
"last stop is starbucks, had capuccino at 11:00 pm.it's now 3am, i couldn't sleep.what to do?review for exams?write a blog? pray na lang!","last stop is starbucks, had capuccino at 11:00 pm.it's now 3am, i couldn't sleep.what to do?review for exams?write a blog? pray na lang!",136,136,0.3548221317073244,negative,1
that is so me. i hate applying for jobs so much...,that is so me. i hate applying for jobs so much...,50,50,0.19737348806128077,negative,0
"oops. fixed, thanks. monday morning weekend lag.","oops. fixed, thanks. monday morning weekend lag.",48,48,0.8695452420752091,positive,1
"ok, baby! talk to me later, k?","ok, baby! talk to me later, k?",30,30,0.6594152033733819,positive,1
soo tired but its only 5 oclock geez isnt allowed to practice coz im in trouble hahahaha,soo tired but its only 5 oclock geez isnt allowed to practice coz im in trouble hahahaha,88,88,0.08990331703912782,negative,0
"this is what i do..a video of me introducing it, it was after a run on the beach..no judging","this is what i do..a video of me introducing it, it was after a run on the beach..no judging",92,92,0.44807459841071123,negative,1
i got a new cam woo hoo,i got a new cam woo hoo,23,23,0.8518826499542574,positive,1
"- good afternoon, welcome to mama mia pizza, what would you like on your pizza? - youtube scares me.... in a good way","- good afternoon, welcome to mama mia pizza, what would you like on your pizza? - youtube scares me.... in a good way",117,117,0.9330270308714818,positive,1
are you on about bgt im not watching it tonight i cba my mates where on it on tuesday xx,are you on about bgt im not watching it tonight i cba my mates where on it on tuesday xx,88,88,0.502870335484483,positive,0
"i wish i could wear a bclub shirt, but i won't have it in time for my concerts.","i wish i could wear a bclub shirt, but i won't have it in time for my concerts.",79,79,0.08286850045855652,negative,0
trying to figure this thing out,trying to figure this thing out,31,31,0.6375323367555159,positive,1
hi... is new on twitter!,hi... is new on twitter!,24,24,0.9227212538067091,positive,1
i must say that i do enjoy the random things you find and share on twitter.,i must say that i do enjoy the random things you find and share on twitter.,75,75,0.9116441856452929,positive,1
be easy shawty. good isht,be easy shawty. good isht,25,25,0.9305480174205011,positive,1
totally on hold for 15 minutes and when i tried to check my battery life i accidently hung up...,totally on hold for 15 minutes and when i tried to check my battery life i accidently hung up...,96,96,0.26144127642345305,negative,0
the hangover was awesome!! totally wanna go see it again &amp; again!!,the hangover was awesome!! totally wanna go see it again &amp; again!!,70,70,0.6769840073420601,positive,1
yay,yay,3,3,0.9911292340584362,positive,1
watching keeping up with the kardashian on youtube,watching keeping up with the kardashian on youtube,50,50,0.8168022804396784,positive,1
morning...twitter peeps its a monday time to start the day right.... i hope.... hehehehehehe,morning...twitter peeps its a monday time to start the day right.... i hope.... hehehehehehe,92,92,0.8429339564037016,positive,1
"chicken tikka masala and whiskey, that is my prescription for a cold","chicken tikka masala and whiskey, that is my prescription for a cold",68,68,0.7140578863793776,positive,1
and guess what!?! i got a dyson bitches! the only vacuum that doesn't lose suction,and guess what!?! i got a dyson bitches! the only vacuum that doesn't lose suction,82,82,0.25575055239493016,negative,1
&quot;..omg . transformers comes out tonite ! . i'm trying to wait till the weekend ..&quot; and i will.. still at wrk tho.,&quot;..omg . transformers comes out tonite ! . i'm trying to wait till the weekend ..&quot; and i will.. still at wrk tho.,123,123,0.23305454225900932,negative,0
is ths going 2 be lk that bit in amelie? i wanted 2 get a shot of moy every weeka dn then animate it at the end but was denied,is ths going 2 be lk that bit in amelie? i wanted 2 get a shot of moy every weeka dn then animate it at the end but was denied,126,126,0.401004435703348,negative,0
does not want to go to sixth period.,does not want to go to sixth period.,36,36,0.05685906556636517,negative,0
i'm so tired,i'm so tired,12,12,0.04989037564548069,negative,0
you're finally on twitter,you're finally on twitter,25,25,0.9592208530789201,positive,1
awake after a long day. im thinking: ddp's yoga and a day by the pool (that has yet to be opened). first day of my summer...life is good,awake after a long day. im thinking: ddp's yoga and a day by the pool (that has yet to be opened). first day of my summer...life is good,136,136,0.7831493616100831,positive,1
"finally done with the spanish project! now, to wake up early to put in on youtube","finally done with the spanish project! now, to wake up early to put in on youtube",81,81,0.7002443458139308,positive,0
"he he, im good thanx ola, cant wait until tomorrow to see what the surprise thingy was, but i still dont wanna go back","he he, im good thanx ola, cant wait until tomorrow to see what the surprise thingy was, but i still dont wanna go back",118,118,0.3162051642122537,negative,0
at work wishing i was at home...,at work wishing i was at home...,32,32,0.021534244055255527,negative,0
been shopping... bought some shizzle... nearly packed. westbourne park here i come!!! aurevior nyc i don't want to go yet!!,been shopping... bought some shizzle... nearly packed. westbourne park here i come!!! aurevior nyc i don't want to go yet!!,123,123,0.31641855262317375,negative,0
"i'm all snuffly and then hot and cold, tired and bunged up. woe is me","i'm all snuffly and then hot and cold, tired and bunged up. woe is me",69,69,0.22154683509579595,negative,0
lakers with a 13 point lead at the 1/2. damn.,lakers with a 13 point lead at the 1/2. damn.,45,45,0.4292844598052521,negative,0
and thank you for the birthday wishes.,and thank you for the birthday wishes.,38,38,0.9347577439254723,positive,1
hahaha yeah really really addictive. i prefer not sleep and watching all their banters,hahaha yeah really really addictive. i prefer not sleep and watching all their banters,86,86,0.685306120855436,positive,1
"mom's making me get off,boo be back tomorrow loves.love you lots my twitter family![love you tilaaaa!xoxoxo]","mom's making me get off,boo be back tomorrow loves.love you lots my twitter family![love you tilaaaa!xoxoxo]",108,108,0.7143677970235521,positive,0
that sucks..what kind of computer do you have? i sent my mac in for repair,that sucks..what kind of computer do you have? i sent my mac in for repair,74,74,0.21256323693859064,negative,0
can't figure out why the kitty doesn't want to play with me. but there's lots and lots of grass to run through here!,can't figure out why the kitty doesn't want to play with me. but there's lots and lots of grass to run through here!,116,116,0.09073319706675267,negative,0
that was one ?b tweet.,that was one ?b tweet.,22,22,0.7825038598332914,positive,1
can't you just switch up the numbers until you like the bed? i've never been on one...but that's what the ads say.,can't you just switch up the numbers until you like the bed? i've never been on one...but that's what the ads say.,114,114,0.7213020139671926,positive,1
i feel so naughty....the pork scratchings just called to me in the garage. i am weak,i feel so naughty....the pork scratchings just called to me in the garage. i am weak,84,84,0.2453911977623781,negative,0
k...i've got to put her in the past and move on...tears shall never fall for her again,k...i've got to put her in the past and move on...tears shall never fall for her again,86,86,0.3646668387338765,negative,0
the starbucks near my house is now closed,the starbucks near my house is now closed,41,41,0.23875439493266723,negative,0
i got fire power,i got fire power,16,16,0.5813232730663057,positive,1
lost in bumfuck egypt.,lost in bumfuck egypt.,22,22,0.17705732745054772,negative,0
oh bb. i had dreams about frankie helping us survive a zombie plague - i will send him to cure your headaches! &lt;3,oh bb. i had dreams about frankie helping us survive a zombie plague - i will send him to cure your headaches! &lt;3,116,116,0.5143485157181383,positive,0
"maybe they just dont get it, bcoz they don't even know who you are. even me. and i rspect thatanyways, be always happy","maybe they just dont get it, bcoz they don't even know who you are. even me. and i rspect thatanyways, be always happy",118,118,0.5648050407706443,positive,1
where doesn't my body hurt?,where doesn't my body hurt?,27,27,0.02278563420638992,negative,0
watching..kim possible lol!!!,watching..kim possible lol!!!,29,29,0.9395211831317093,positive,1
when will be the first beer prize here? need my address?,when will be the first beer prize here? need my address?,56,56,0.39586507745097993,negative,1
i'm asking myself the same thing. i fully expected to sleep 'till noon today and was up at 9:30,i'm asking myself the same thing. i fully expected to sleep 'till noon today and was up at 9:30,95,95,0.3132731336149086,negative,0
"i feel so bad for you, but i'm really glad school's out. keep up the amazing work, girl","i feel so bad for you, but i'm really glad school's out. keep up the amazing work, girl",87,87,0.495533178432268,negative,1
damn you for not selling xxs hoodies at wholesale prices. i feel horrible spending $46 on that hoodie,damn you for not selling xxs hoodies at wholesale prices. i feel horrible spending $46 on that hoodie,101,101,0.08913351358625382,negative,0
watching a boring chick flick. he's just not that into you. i'm just not into it,watching a boring chick flick. he's just not that into you. i'm just not into it,80,80,0.41772430113835096,negative,0
i was so looking forward 2 pudding. i don't have any dairy milk in my house. only rice milk... which turns pudding mix in2 a soupy mess,i was so looking forward 2 pudding. i don't have any dairy milk in my house. only rice milk... which turns pudding mix in2 a soupy mess,135,135,0.29885695657424377,negative,0
"rofl, you just wanted to make that clear huh?","rofl, you just wanted to make that clear huh?",45,45,0.716511028214555,positive,1
i just had scrambled eggs... i feel sick,i just had scrambled eggs... i feel sick,40,40,0.1038810084836276,negative,0
didnt get to ride a horse!,didnt get to ride a horse!,26,26,0.12223973105809106,negative,0
"just finished playing mahjong. i am so bad at it. actually, i can sometimes beat my mum but my sisters cheat. haha. excited 4 the dance.","just finished playing mahjong. i am so bad at it. actually, i can sometimes beat my mum but my sisters cheat. haha. excited 4 the dance.",136,136,0.4759401928337733,negative,0
why do you think i don't show my face?!?! ;) hahaha *my innocent smile*,why do you think i don't show my face?!?! ;) hahaha *my innocent smile*,71,71,0.5137060409262826,positive,1
- jim! how can he be so f___ing cheerful this time of day? you must pay him well!,- jim! how can he be so f___ing cheerful this time of day? you must pay him well!,81,81,0.6759152703992405,positive,1
back from a loooong day...,back from a loooong day...,26,26,0.6754681459065435,positive,0
oh my lord static in the cities is such an epic song. why doesn't spotify have it so i can share its goodness,oh my lord static in the cities is such an epic song. why doesn't spotify have it so i can share its goodness,109,109,0.2735823693028797,negative,0
- my amazing future husband and i,- my amazing future husband and i,33,33,0.8442935033506124,positive,1
i sold my car,i sold my car,13,13,0.32310498036380825,negative,1
"i lost my contacts not like i dropped them, i put them in my bag a few days ago and i think they fell out....i'm sick of wearing glasses!","i lost my contacts not like i dropped them, i put them in my bag a few days ago and i think they fell out....i'm sick of wearing glasses!",137,137,0.02833214544451309,negative,0
"that's because you're a runner! you do the work, you run, nuff said.","that's because you're a runner! you do the work, you run, nuff said.",68,68,0.875561023990915,positive,1
"chilling in deri with the band, just ordered a lush pizza...now playing halo n listening to u2 whats everyone up to? anyone still up?","chilling in deri with the band, just ordered a lush pizza...now playing halo n listening to u2 whats everyone up to? anyone still up?",133,133,0.9035396173038917,positive,1
i hate homework,i hate homework,15,15,0.0032503042896916867,negative,0
sundaysarcasm yeah....i *so* need another word game to keep my mind active at the weekend,sundaysarcasm yeah....i *so* need another word game to keep my mind active at the weekend,89,89,0.629104031433752,positive,1
juuustiiin! how are u dude?,juuustiiin! how are u dude?,27,27,0.9073723656448844,positive,1
cant believe it's june already tomorrow..nearly half of 2009 is gone,cant believe it's june already tomorrow..nearly half of 2009 is gone,68,68,0.13071107954434474,negative,0
supporting peterfacinelli to win!!!!!!!!!!!! goodnight everyone. okay really last one.,supporting peterfacinelli to win!!!!!!!!!!!! goodnight everyone. okay really last one.,86,86,0.7772849064581873,positive,1
damn i losing maad followers!! wow..,damn i losing maad followers!! wow..,36,36,0.05904587257021049,negative,0
now going to curl up with a good movie and wait for the thunder and lightening storm thats suposed to happen tonight! i can't wait!,now going to curl up with a good movie and wait for the thunder and lightening storm thats suposed to happen tonight! i can't wait!,131,131,0.825483313866987,positive,1
thanks! and i will,thanks! and i will,18,18,0.9587701313420782,positive,1
"ah, it's finally summer weather, but now i have a big headache ..... im gonna go lay on the couch in pain ahh my head is killing me!","ah, it's finally summer weather, but now i have a big headache ..... im gonna go lay on the couch in pain ahh my head is killing me!",132,132,0.08338721331366676,negative,0
not looking good. 2-4 hr wait for parts. lightning fried phone system.,not looking good. 2-4 hr wait for parts. lightning fried phone system.,70,70,0.3005994891661402,negative,0
loves her besties..without them i'd be nothing...and he is oh so wonderful,loves her besties..without them i'd be nothing...and he is oh so wonderful,74,74,0.7663417942511905,positive,1
thankyou and x,thankyou and x,14,14,0.882764334340745,positive,1
omg! i always liked the name reena .. and then a friend reminded that the name sounds like the name of my ex ... what a big inconvenience,omg! i always liked the name reena .. and then a friend reminded that the name sounds like the name of my ex ... what a big inconvenience,137,137,0.803093099945331,positive,0
ain't no cure for the summertime blues,ain't no cure for the summertime blues,38,38,0.40571222886063035,negative,0
it always makes me happy to know i can help cheer up a pretty lady!,it always makes me happy to know i can help cheer up a pretty lady!,67,67,0.819524959234836,positive,1
heartburn...? wtf!?! i cant win,heartburn...? wtf!?! i cant win,31,31,0.12570279553199434,negative,0
"played a few hours of fuel and loving it. online is challenging, the fact you only get fuel for 1st place is annoying, i like 2nd xbox","played a few hours of fuel and loving it. online is challenging, the fact you only get fuel for 1st place is annoying, i like 2nd xbox",134,134,0.4481514577274754,negative,0
i would love to... if i could be with you!,i would love to... if i could be with you!,42,42,0.5856216939568522,positive,0
"yes you are correct...i was just so hard core with lsl 1,2,3 that i forget all of the rest ~ asking hookers questions ftw","yes you are correct...i was just so hard core with lsl 1,2,3 that i forget all of the rest ~ asking hookers questions ftw",121,121,0.918275488716459,positive,1
photo: omgeeeee giant marshmallows,photo: omgeeeee giant marshmallows,34,34,0.7061207775481905,positive,1
", hey im jusy djing at my buddy's bar. i love making people dance is it entertaining you",", hey im jusy djing at my buddy's bar. i love making people dance is it entertaining you",88,88,0.8722257172335179,positive,1
i'm finally home!!,i'm finally home!!,18,18,0.8325621640060016,positive,1
sounds like i'm missing some fun at recasting sitting at the back of the class with - hey everyone,sounds like i'm missing some fun at recasting sitting at the back of the class with - hey everyone,98,98,0.6806065206366414,positive,1
please don't diss hm cara. she is my fav,please don't diss hm cara. she is my fav,40,40,0.4822603675219906,negative,1
anything up?,anything up?,12,12,0.4911804078462486,negative,0
pretty sure paul rudd + michael cera are my idols,pretty sure paul rudd + michael cera are my idols,49,49,0.677127701775807,positive,1
"spoke too soon...took someone to the doctor, and have to go back again soon.","spoke too soon...took someone to the doctor, and have to go back again soon.",76,76,0.07795887838522096,negative,0
had my convoxation today. officially graduated and earned my degree time for next phase of my life!,had my convoxation today. officially graduated and earned my degree time for next phase of my life!,99,99,0.656391893164127,positive,1
dang! i would have done this if i knew it was there earlier. any other outings planned?,dang! i would have done this if i knew it was there earlier. any other outings planned?,87,87,0.48017819873308365,negative,0
i have to go do some stupid physics now i hate science!!!!!!!!,i have to go do some stupid physics now i hate science!!!!!!!!,62,62,0.08043689145118907,negative,0
definitely don't do mornings! can't wake up at all arrgh!,definitely don't do mornings! can't wake up at all arrgh!,57,57,0.16485343343115302,negative,0
"lol good. cos as chill as i am about it, at the same time, i hafta gush a little...without saying too much afterall","lol good. cos as chill as i am about it, at the same time, i hafta gush a little...without saying too much afterall",115,115,0.7602799033454013,positive,1
what would anita blake do?!,what would anita blake do?!,27,27,0.7197609252102011,positive,1
aww... thank you!! that really encourages me! &lt; you are on bq live tweet now!&gt;,aww... thank you!! that really encourages me! &lt; you are on bq live tweet now!&gt;,84,84,0.8976620501668826,positive,1
finally ... home .. i'm coming!,finally ... home .. i'm coming!,31,31,0.8148278676385607,positive,1
is at mos burgarrr! butterfly prawns!!! so delish!,is at mos burgarrr! butterfly prawns!!! so delish!,50,50,0.734224534033534,positive,1
im sad lauren (bffffff) will be leaving me we have been together this whole weekend an now shes leaving me.,im sad lauren (bffffff) will be leaving me we have been together this whole weekend an now shes leaving me.,107,107,0.06181954488875448,negative,0
why does nobody belive me?,why does nobody belive me?,26,26,0.045383889331717636,negative,0
grillin up some chicken wings....mmmm - can't wait!!,grillin up some chicken wings....mmmm - can't wait!!,52,52,0.917556048762005,positive,1
15.00h at the hotel is ok with me. pls give me a call if earlier or later. looking forward to see you!,15.00h at the hotel is ok with me. pls give me a call if earlier or later. looking forward to see you!,102,102,0.8225425929301059,positive,1
wonders why twitterfeed never &quot;fed&quot; today. a very nice post about setting up your kitchen pantry.,wonders why twitterfeed never &quot;fed&quot; today. a very nice post about setting up your kitchen pantry.,107,107,0.6136223858017307,positive,0
ah thsnx,ah thsnx,8,8,0.665971410152895,positive,1
what about the fck cookout/ party on the basketball court ..dj rash !! good shit,what about the fck cookout/ party on the basketball court ..dj rash !! good shit,80,80,0.629490233177795,positive,1
i love starting my day out with laughter. is hilarious!,i love starting my day out with laughter. is hilarious!,55,55,0.9499517614080479,positive,1
with the girlz hanging out high off caffeine,with the girlz hanging out high off caffeine,44,44,0.8474417593870953,positive,1
sent you a request on dogster too...well my puppies did anyway,sent you a request on dogster too...well my puppies did anyway,62,62,0.6677386084746391,positive,1
@ parents,@ parents,9,9,0.6649075429578536,positive,1
"humm... am workin part time for blackberry, n today i got the place so boring, nothing here..makes me bcome so sleepy..","humm... am workin part time for blackberry, n today i got the place so boring, nothing here..makes me bcome so sleepy..",119,119,0.11437063941075451,negative,0
cor - bet that was a teensy bit scary,cor - bet that was a teensy bit scary,37,37,0.5655245258058837,positive,1
"it's awesome, dude. my body was heading in the wrong direction. this is just part of my life now.","it's awesome, dude. my body was heading in the wrong direction. this is just part of my life now.",97,97,0.5996386732663272,positive,1
hugh is on twitter! you have le best job in the world,hugh is on twitter! you have le best job in the world,53,53,0.9120767137098568,positive,0
"is dealing with another headache, this sux","is dealing with another headache, this sux",42,42,0.09055000963117668,negative,0
we have been for an hour in the dr waiting room he's so slow,we have been for an hour in the dr waiting room he's so slow,60,60,0.4333710462385988,negative,0
i love when they spend more camera time on the phanatic than they do on the batter.,i love when they spend more camera time on the phanatic than they do on the batter.,83,83,0.6185466522501818,positive,1
have u ever felt like ur best friends don't love u as much as u love them?,have u ever felt like ur best friends don't love u as much as u love them?,74,74,0.6308196405163893,positive,0
todady tonight is currently on,todady tonight is currently on,30,30,0.5388777948255195,positive,1
just wanted to say your fun as hell,just wanted to say your fun as hell,35,35,0.7308316407354962,positive,1
lol no thanks - i'lll stick with my software development and mobile djing,lol no thanks - i'lll stick with my software development and mobile djing,73,73,0.8564768571163185,positive,1
it was amazing! the best one of their's i think i've been to! i'm so sad it's over now though x,it was amazing! the best one of their's i think i've been to! i'm so sad it's over now though x,95,95,0.15323227067519932,negative,0
i just got a light-up lighthouse wine cork. my coworker is the coolest for sharing,i just got a light-up lighthouse wine cork. my coworker is the coolest for sharing,82,82,0.8487860313642942,positive,1
this movie always makes me cry,this movie always makes me cry,30,30,0.16090273032231509,negative,0
just sayin,just sayin,10,10,0.8812531479039029,positive,1
... well hell ... that's a good thing! lol,... well hell ... that's a good thing! lol,42,42,0.9388975248713208,positive,1
waaa!!! may twitter knah yuh aw??,waaa!!! may twitter knah yuh aw??,33,33,0.6255957160147982,positive,1
waiting on ice cream...and company....but mostly the ice cream.,waiting on ice cream...and company....but mostly the ice cream.,63,63,0.6136306236304292,positive,1
i had the best weekend ever!!! shame its over,i had the best weekend ever!!! shame its over,45,45,0.2122499719047674,negative,0
ur mean n yes i'm bitter cuz i wanted my pic up!,ur mean n yes i'm bitter cuz i wanted my pic up!,48,48,0.3103937333297585,negative,0
"i have no idea what this twitter thing is, or how to use it","i have no idea what this twitter thing is, or how to use it",59,59,0.43309498423501347,negative,0
so i was checking to see if my susan boyle tribute made it to youtube and instead i got stuck on i lost all.,so i was checking to see if my susan boyle tribute made it to youtube and instead i got stuck on i lost all.,108,108,0.2587791225915534,negative,0
bombed today at the tourney but i got all the pieces to swans!,bombed today at the tourney but i got all the pieces to swans!,62,62,0.32252722758795577,negative,0
yo! i haven't seen you in a while! lets all hang out sooon,yo! i haven't seen you in a while! lets all hang out sooon,58,58,0.7173903414408361,positive,1
yeh i can't even imagine.... good luck to them,yeh i can't even imagine.... good luck to them,46,46,0.5287977685569374,positive,1
i have a suggestion for a shirt:,i have a suggestion for a shirt:,32,32,0.6358559825606429,positive,1
ok guys please follow my friend he has good music also he knows &amp; follow him!,ok guys please follow my friend he has good music also he knows &amp; follow him!,81,81,0.9163553567430162,positive,1
i can't imagine no globe. i'm a native beantown girl whose pseudo-godfather was a senior editor there. sad.,i can't imagine no globe. i'm a native beantown girl whose pseudo-godfather was a senior editor there. sad.,107,107,0.058537027608017815,negative,0
5 week countdown begins till we bring home our new silky-tzu. she will look something like this by then,5 week countdown begins till we bring home our new silky-tzu. she will look something like this by then,103,103,0.8475770826034196,positive,1
preparations for the bbq tonight.. making my mothers favourite egg salade and meatballs 2 bad it rains 2 day mayb better for gourmett?,preparations for the bbq tonight.. making my mothers favourite egg salade and meatballs 2 bad it rains 2 day mayb better for gourmett?,134,134,0.5997930817929769,positive,0
"we all understand, life is bloody hard at times but having children can get you through anything.cant wait 2 hear album","we all understand, life is bloody hard at times but having children can get you through anything.cant wait 2 hear album",119,119,0.6337054074568544,positive,1
"morning tweeters, how are you all today? the weather is terrible. can't believe it was over 15.c degrees hotter a few days ago","morning tweeters, how are you all today? the weather is terrible. can't believe it was over 15.c degrees hotter a few days ago",126,126,0.44496553913303843,negative,0
goin 2 watch up in 3-d hayyyy,goin 2 watch up in 3-d hayyyy,29,29,0.6934817074068415,positive,1
feeling miserable. in bed all achy with a fever,feeling miserable. in bed all achy with a fever,47,47,0.18263564894957635,negative,0
- i love that picture for emma watson emma is beautiful )),- i love that picture for emma watson emma is beautiful )),58,58,0.940033199100224,positive,1
love that quote,love that quote,15,15,0.944237137531467,positive,1
is bummed because the business cards didn't get here in time,is bummed because the business cards didn't get here in time,60,60,0.1478286063331311,negative,0
you can check out my page ...,you can check out my page ...,29,29,0.8351381414075176,positive,1
taking my grand dog to the vet with her mommy,taking my grand dog to the vet with her mommy,45,45,0.512087328623893,positive,1
back ! gawdd. miss twitter. gonna write a new story on my blog. ;;),back ! gawdd. miss twitter. gonna write a new story on my blog. ;;),67,67,0.6146020679195449,positive,1
where is everyone?,where is everyone?,18,18,0.18154655341032153,negative,0
have you gone loopy? group loop has 5 programs combined for success.....come join us and start living your dream,have you gone loopy? group loop has 5 programs combined for success.....come join us and start living your dream,112,112,0.8005829074905562,positive,1
jalan2 with my friends,jalan2 with my friends,22,22,0.7647076090697689,positive,1
- a surprise nkotb bday cake from the hubby! thanks honi!,- a surprise nkotb bday cake from the hubby! thanks honi!,57,57,0.9010994610110847,positive,1
fucking giving in to twitter!,fucking giving in to twitter!,29,29,0.6366868689624279,positive,0
- ahaha now all mels followers can see what youse did in your free time.,- ahaha now all mels followers can see what youse did in your free time.,72,72,0.8327460936227858,positive,1
hey suchi... didn't happen... there were some problems in the area so we decided against it!...,hey suchi... didn't happen... there were some problems in the area so we decided against it!...,95,95,0.37178276511697433,negative,0
tomorrow is my only day off,tomorrow is my only day off,27,27,0.3185939294022093,negative,0
enjoying the sun on his day off.,enjoying the sun on his day off.,32,32,0.8219948530413486,positive,1
lol...finish him! mortal kombat much.,lol...finish him! mortal kombat much.,37,37,0.7304281984680949,positive,1
"is tired, slightly sunburnt, but home","is tired, slightly sunburnt, but home",37,37,0.1954046116809766,negative,1
"goodmorning beautiful, got to clean up a basement after eating my mcds deluxe breakfast","goodmorning beautiful, got to clean up a basement after eating my mcds deluxe breakfast",87,87,0.7448842948423843,positive,1
your poor mum i hope she is feeling better soon,your poor mum i hope she is feeling better soon,47,47,0.24744974519698248,negative,0
my graphic card is dying,my graphic card is dying,24,24,0.1564411115318401,negative,0
"yeah, it won't let me change my profile pic either.","yeah, it won't let me change my profile pic either.",51,51,0.3030506120838995,negative,0
yay!!! within the week it is!,yay!!! within the week it is!,29,29,0.8713625976746148,positive,1
please! my inferior mind can't be expected to get all the references,please! my inferior mind can't be expected to get all the references,68,68,0.3687551238285205,negative,0
: noa's stp was amazing...i cried later,: noa's stp was amazing...i cried later,39,39,0.658132752033801,positive,0
thank you all again for the bday wishes !!!!,thank you all again for the bday wishes !!!!,44,44,0.8788625486286575,positive,1
i just finished a tear 'n share size bag of dark chocolate peanut m&amp;m's,i just finished a tear 'n share size bag of dark chocolate peanut m&amp;m's,75,75,0.6243404471984876,positive,0
well it's nice to 'see' you. have a great day and tweet again soon,well it's nice to 'see' you. have a great day and tweet again soon,66,66,0.9649129081837264,positive,1
"had far too much wine, which has lost me a chunk of the day","had far too much wine, which has lost me a chunk of the day",59,59,0.20695003346174765,negative,0
twittering a tweet.,twittering a tweet.,19,19,0.8357351289247338,positive,1
morning. got some sleep in the end. still not feeling great but hey ho! off we go into wednesday. hope you have a good day,morning. got some sleep in the end. still not feeling great but hey ho! off we go into wednesday. hope you have a good day,122,122,0.6277891268981122,positive,1
good morning. awake...having some otter pops with my girls: alex and shana.,good morning. awake...having some otter pops with my girls: alex and shana.,75,75,0.8544101112841085,positive,1
had 16 hours of sleep last saturday.,had 16 hours of sleep last saturday.,36,36,0.29869879622832624,negative,1
and by stay in his house i mean not go anywhere.. like not my house or anything just his.,and by stay in his house i mean not go anywhere.. like not my house or anything just his.,89,89,0.281918371677833,negative,0
says copy plurk: siguro pustiso kita... kasi i can't smile without you,says copy plurk: siguro pustiso kita... kasi i can't smile without you,70,70,0.6509214303740066,positive,1
working on haight today i hate trying to find parking out there,working on haight today i hate trying to find parking out there,63,63,0.04930299474850815,negative,0
cant man,cant man,8,8,0.05172561171409832,negative,0
"working hard, eating well, sleeping well, and treating everyone with loving kindness.","working hard, eating well, sleeping well, and treating everyone with loving kindness.",85,85,0.9088343094883633,positive,1
they still don't have my test results back! ugh.,they still don't have my test results back! ugh.,48,48,0.043210823406244984,negative,0
"i was going to go and see your film, but then michael portillo said they he didn't like it, so now i'm not. sorry armando","i was going to go and see your film, but then michael portillo said they he didn't like it, so now i'm not. sorry armando",121,121,0.10204851868432983,negative,0
i've pretty much given up on meditating for at least 10 more yrs.,i've pretty much given up on meditating for at least 10 more yrs.,65,65,0.6685798680928229,positive,1
i wont hun its got protective mts underneath dont woorrry. ill be on later&lt;3,i wont hun its got protective mts underneath dont woorrry. ill be on later&lt;3,79,79,0.30552291742017396,negative,1
im being productive but should go to bed nowwwww,im being productive but should go to bed nowwwww,48,48,0.5327376802559333,positive,1
omg my bones are acheing im so sick and no i havent got swine flu!,omg my bones are acheing im so sick and no i havent got swine flu!,66,66,0.01618871004175115,negative,0
mines still there,mines still there,17,17,0.25419209696764367,negative,0
snow?!?!,snow?!?!,8,8,0.5374951797655503,positive,0
waiting on cameron to get homer from sherrys place!!! haha i love youuu babyyy,waiting on cameron to get homer from sherrys place!!! haha i love youuu babyyy,78,78,0.7808123999289,positive,1
"hey twiiters...please remember 4-26-09 lambuth emi show=free @ 6 p.m., call 1-800 lambuth for more info. see you there!!!","hey twiiters...please remember 4-26-09 lambuth emi show=free @ 6 p.m., call 1-800 lambuth for more info. see you there!!!",121,121,0.9315569975466161,positive,1
sweet dreams everyone,sweet dreams everyone,21,21,0.9453870410221815,positive,1
not very well today boo hoo,not very well today boo hoo,27,27,0.09034338801960277,negative,0
do you have to rearrange doherty for when eeeeeverybody will be on holiday?,do you have to rearrange doherty for when eeeeeverybody will be on holiday?,75,75,0.4500470259730463,negative,0
good afternoon,good afternoon,14,14,0.8878409617714288,positive,1
your web site looks to be broken - it's bouncing to a godaddy parked domain page,your web site looks to be broken - it's bouncing to a godaddy parked domain page,80,80,0.3087563526333456,negative,0
i love ! happy birthday,i love ! happy birthday,23,23,0.9934288176859265,positive,1
"well then that's the one i love, my friend works with him (or did) and he's married","well then that's the one i love, my friend works with him (or did) and he's married",83,83,0.8238746618714644,positive,0
hi jenna. hope all is well just thinking of you and wishing you the best! lots of love from over here in new york!!!,hi jenna. hope all is well just thinking of you and wishing you the best! lots of love from over here in new york!!!,116,116,0.8513742046982791,positive,1
is discouraged. thanks . i'm gonna work at for the rest of my life. dreams.. crushhed. i need 2 stop sucking @ life,is discouraged. thanks . i'm gonna work at for the rest of my life. dreams.. crushhed. i need 2 stop sucking @ life,115,115,0.4596065126663916,negative,0
"i just did that today! took advantage of the kids being at the in-laws and got stuck in, very rewarding","i just did that today! took advantage of the kids being at the in-laws and got stuck in, very rewarding",103,103,0.4952338455687243,negative,1
is sick,is sick,7,7,0.01568610974827145,negative,0
i absolutely hate sunday evenings,i absolutely hate sunday evenings,33,33,0.19792013116032714,negative,0
i'm on twitter!,i'm on twitter!,15,15,0.8440202478075238,positive,1
morning everyone,morning everyone,16,16,0.89635508435801,positive,1
well it sounds like sum kids with matches lit sum grass on fire,well it sounds like sum kids with matches lit sum grass on fire,63,63,0.5335949211935563,positive,0
fo sho we gonna have loads of fun,fo sho we gonna have loads of fun,33,33,0.768666325234909,positive,1
loved saturday night tinychat session with and | internet cut out last min,loved saturday night tinychat session with and | internet cut out last min,74,74,0.35979383444864516,negative,0
"yeah, but in free realms, not a grats ding, more of a grats spin","yeah, but in free realms, not a grats ding, more of a grats spin",64,64,0.5853479430737951,positive,1
"?????????????????? i just made sushi, and it is delicious!","?????????????????? i just made sushi, and it is delicious!",58,58,0.7920193052574545,positive,1
thank goodness for having breakdown cover. got as far as the petrol station and now bike won't start,thank goodness for having breakdown cover. got as far as the petrol station and now bike won't start,100,100,0.436467526525997,negative,0
: i will try boy. cant wait till the benefit though.,: i will try boy. cant wait till the benefit though.,52,52,0.8217753513027252,positive,1
"best friends for, oh, 3 years now and she's only just convinced me to watch star trek with her. held out as long as i could","best friends for, oh, 3 years now and she's only just convinced me to watch star trek with her. held out as long as i could",123,123,0.731058715441294,positive,1
"i realized this morning i got a ton of things today and luckily enough, it involves shopping and spending the hubby's money","i realized this morning i got a ton of things today and luckily enough, it involves shopping and spending the hubby's money",123,123,0.6227324273258558,positive,1
i thought it was pronounced gee-off when i was a kid.,i thought it was pronounced gee-off when i was a kid.,53,53,0.36179138526753785,negative,0
nope no twit pic ..aw missed out on the sun..oh well its all for a good cause..cant wait for the album x,nope no twit pic ..aw missed out on the sun..oh well its all for a good cause..cant wait for the album x,104,104,0.5576508463909188,positive,1
i have to revise my math test. and i read slashs. where's the problem ?,i have to revise my math test. and i read slashs. where's the problem ?,71,71,0.15265988572774558,negative,1
"had a nice lunch with my mom &amp; tia laura today, now just waiting to go to work &amp; still feeling sick","had a nice lunch with my mom &amp; tia laura today, now just waiting to go to work &amp; still feeling sick",107,107,0.22610319692219594,negative,0
"hey mr.stockman! love your tricks, there great! hope your reply !","hey mr.stockman! love your tricks, there great! hope your reply !",65,65,0.963224422371329,positive,1
keep your fingers crossed for me! wish me luck from 10am - 11am,keep your fingers crossed for me! wish me luck from 10am - 11am,63,63,0.7150158619049074,positive,1
good!,good!,5,5,0.9937429338863341,positive,1
"weekend countdown... 4 days from now... yeah, i'm excited for a 3 day weekend","weekend countdown... 4 days from now... yeah, i'm excited for a 3 day weekend",77,77,0.8898327013040634,positive,1
you'll rarely see me without a smile on my face,you'll rarely see me without a smile on my face,47,47,0.8271361740852643,positive,1
studyin 4 my spanish final...thn sleepin,studyin 4 my spanish final...thn sleepin,40,40,0.4674888292681911,negative,1
oh no! they are mowing the grass... i'm done for in 15 mins,oh no! they are mowing the grass... i'm done for in 15 mins,59,59,0.29992760414637887,negative,0
"- aw the voyeur special, almost got a pair just like em","- aw the voyeur special, almost got a pair just like em",55,55,0.621129875446485,positive,1
i'm filled with anguish because i'm not outside now when the sun is shining. damn!! i think about go out and do something. but what!?,i'm filled with anguish because i'm not outside now when the sun is shining. damn!! i think about go out and do something. but what!?,133,133,0.27986829058110535,negative,0
ok!!!! pls do! .. auroville huh? you think ill get it there??,ok!!!! pls do! .. auroville huh? you think ill get it there??,61,61,0.7045536214017761,positive,0
oh did i mention we had a baseball game this morning. i do this to myself all the time. i need a great big coffee! lol!,oh did i mention we had a baseball game this morning. i do this to myself all the time. i need a great big coffee! lol!,119,119,0.7100002053946719,positive,1
go live,go live,7,7,0.5602625524888935,positive,1
...... i was a victim just like you in the matter! it was all 's fault,...... i was a victim just like you in the matter! it was all 's fault,70,70,0.5698999725593693,positive,0
ate an arby sandwich...yummy!!,ate an arby sandwich...yummy!!,30,30,0.7147556743025485,positive,1
hey how are you ? im a massive paula fan too,hey how are you ? im a massive paula fan too,44,44,0.8155047005440283,positive,1
ha! congrats babe! just woken up and look what ive come on to!,ha! congrats babe! just woken up and look what ive come on to!,62,62,0.7663936916886297,positive,1
urgh two moore finals todaaay suuucks,urgh two moore finals todaaay suuucks,37,37,0.3181193385924376,negative,0
waitnig for steven to pick me up... we need to study were such nerds,waitnig for steven to pick me up... we need to study were such nerds,68,68,0.4193086324665221,negative,1
just got a card from grand-parents with 1 year subscription to .net magazine. thanks for all the birthday wishes.,just got a card from grand-parents with 1 year subscription to .net magazine. thanks for all the birthday wishes.,113,113,0.8040211971428861,positive,1
happy birthday ! now it's bedtimeee,happy birthday ! now it's bedtimeee,35,35,0.8361087734720396,positive,1
"today, all i have is my itouch, phone and 1 of my textbooks. i'm going to bring in one @ a time.","today, all i have is my itouch, phone and 1 of my textbooks. i'm going to bring in one @ a time.",96,96,0.6762596037560175,positive,1
fabulous saturday night!!! how lucky am i...incredible weekend,fabulous saturday night!!! how lucky am i...incredible weekend,62,62,0.7364552679658981,positive,1
i was wondering about that,i was wondering about that,26,26,0.653573417303101,positive,1
omg what the hell is going on?,omg what the hell is going on?,30,30,0.19084386913198487,negative,0
just woke up...feelin a lil better &lt;3,just woke up...feelin a lil better &lt;3,40,40,0.6536082569781987,positive,1
sad that your leavin vancouver! come to t,sad that your leavin vancouver! come to t,41,41,0.0853061805657618,negative,0
"i'm so bored.... i wish i had the laptop, i need new music..","i'm so bored.... i wish i had the laptop, i need new music..",60,60,0.04134821287774403,negative,0
"[answer 10] how i dress? its easy, my outfit is $20...yes my outfit $10 shoes, $5 pants, $2 accessories &amp; $3 left 2 eat","[answer 10] how i dress? its easy, my outfit is $20...yes my outfit $10 shoes, $5 pants, $2 accessories &amp; $3 left 2 eat",123,123,0.6094481183665942,positive,1
"checked on tiger's scorecard today: birdie, bogey, birdie, bogey, bogey, bogey and now in the water. down the leaderboard he goes.","checked on tiger's scorecard today: birdie, bogey, birdie, bogey, bogey, bogey and now in the water. down the leaderboard he goes.",130,130,0.38356864225877535,negative,0
wanting to cry...all i've eaten today are 3 mini pancakes and robert refused to work so i've been running my a$$ off all day,wanting to cry...all i've eaten today are 3 mini pancakes and robert refused to work so i've been running my a$$ off all day,124,124,0.10333592530895033,negative,0
"i'm sorry, and i fell back asleep","i'm sorry, and i fell back asleep",33,33,0.0853925489797111,negative,0
no... i dont have satellite... maybe...i think... i can see in the site of this tv?,no... i dont have satellite... maybe...i think... i can see in the site of this tv?,83,83,0.18642158303227038,negative,0
bye everyone.,bye everyone.,13,13,0.628721355924933,positive,1
also place to meet hot flexible loving healthy women. my motions have been the silent fart and bite your tongue if hear fart,also place to meet hot flexible loving healthy women. my motions have been the silent fart and bite your tongue if hear fart,124,124,0.7937615261559697,positive,1
"sexy ladies: follow he's hurting right now...taking cleveland's loss hard, he turned his phone off and went to bed","sexy ladies: follow he's hurting right now...taking cleveland's loss hard, he turned his phone off and went to bed",114,114,0.3233679734548125,negative,0
on my period. aaawww,on my period. aaawww,20,20,0.37854779871557315,negative,0
"so cold,,got up at 7:30 this morning,dont know why but couldnt get back to sleep lol x","so cold,,got up at 7:30 this morning,dont know why but couldnt get back to sleep lol x",86,86,0.0699482620135536,negative,0
-as simple as it gets.,-as simple as it gets.,22,22,0.8176049952920996,positive,1
"oh noes! my xbox 360 badge holder broke in bellevue, wa","oh noes! my xbox 360 badge holder broke in bellevue, wa",55,55,0.09838233247118768,negative,0
fuck u caitlin! stop making mama jokes.,fuck u caitlin! stop making mama jokes.,39,39,0.5006501753953242,positive,0
"take that were awesome last night, feeling rough today thou","take that were awesome last night, feeling rough today thou",59,59,0.40008276851951047,negative,0
check out you can post a review/comment on any restaurant to join our current promos and win prizes.,check out you can post a review/comment on any restaurant to join our current promos and win prizes.,100,100,0.8479286772172965,positive,1
you make me feel ugly.,you make me feel ugly.,22,22,0.28634397061568073,negative,0
not really..,not really..,12,12,0.19173079354233474,negative,0
it isn't looking good for me being able to recover any of my files from my pc some good news... tonite the bf is meeting my family,it isn't looking good for me being able to recover any of my files from my pc some good news... tonite the bf is meeting my family,130,130,0.3664920885972648,negative,0
ah not twittered in tiime! i am loving the sun atm (: going lovely and brown me thinks,ah not twittered in tiime! i am loving the sun atm (: going lovely and brown me thinks,86,86,0.8405343157772943,positive,1
makin the mother's day rounds...,makin the mother's day rounds...,32,32,0.8136801449609284,positive,1
stupid braces. there goes my fun.,stupid braces. there goes my fun.,33,33,0.13017576582847534,negative,0
"yeah, last time i did that, it completely skrewed up. so im not aloud to do it anymore. doesnt stop me though","yeah, last time i did that, it completely skrewed up. so im not aloud to do it anymore. doesnt stop me though",109,109,0.20590645787769332,negative,1
watched the first half hour of slumdog and had to turn it off. it's nothing but violence and killing.,watched the first half hour of slumdog and had to turn it off. it's nothing but violence and killing.,101,101,0.2015341954157545,negative,0
i already exited with 12% returns. was good enough for me..,i already exited with 12% returns. was good enough for me..,59,59,0.7867916509445328,positive,1
noooo ) i wanted to!,noooo ) i wanted to!,20,20,0.03648459408900664,negative,0
is going to milwaukee to get the keys for her house!,is going to milwaukee to get the keys for her house!,52,52,0.6050022364156483,positive,1
- daughter is fine. she just has a virus. thanks,- daughter is fine. she just has a virus. thanks,48,48,0.7929797245021959,positive,1
"ooooh got press passes for the overlord 2 launch this thursday, cant go","ooooh got press passes for the overlord 2 launch this thursday, cant go",71,71,0.31808790081047267,negative,0
"haha, i offered to make it but he insisted! enjoy dominos, think i'll have it for dinner","haha, i offered to make it but he insisted! enjoy dominos, think i'll have it for dinner",88,88,0.7192184844365541,positive,1
"hehe, true. considering buying one. or two","hehe, true. considering buying one. or two",42,42,0.9299283081501423,positive,1
you suck!!!! i can't sleep,you suck!!!! i can't sleep,26,26,0.08493483016285085,negative,0
followed a wave to your page..interesting things i remember bnl @ the horseshoe same with spirit of the west,followed a wave to your page..interesting things i remember bnl @ the horseshoe same with spirit of the west,108,108,0.8955412241088904,positive,1
just got back from town.. and with me i had a brand new pair of jeans and a kick ass hoodie!,just got back from town.. and with me i had a brand new pair of jeans and a kick ass hoodie!,92,92,0.7416473649668678,positive,1
"hoping to see you at a future wwdc too. should have been there this year, but the tickets sold out.","hoping to see you at a future wwdc too. should have been there this year, but the tickets sold out.",99,99,0.23912660253895926,negative,0
getting ready for some much needed sleep. sometimes i wonder if im doing too much. hmph. txt me if you want goodnight,getting ready for some much needed sleep. sometimes i wonder if im doing too much. hmph. txt me if you want goodnight,117,117,0.8560344945960314,positive,1
fashion valley and it started. sorry girl i thought you didn't wanna go,fashion valley and it started. sorry girl i thought you didn't wanna go,71,71,0.12970848677318916,negative,0
i donï¿½t last three weeks,i donï¿½t last three weeks,26,26,0.38630283266074666,negative,1
grrr doesn't let me get free ring tones cuz i'm sprint! ? what is this? there was 25 free ring tones. come on,grrr doesn't let me get free ring tones cuz i'm sprint! ? what is this? there was 25 free ring tones. come on,109,109,0.37208695725144114,negative,0
"tweet out the word &quot;dung&quot; &amp; u get interesting feedback. also, thx for all the followfriday mentions. so far i have lost 5 followers! ???","tweet out the word &quot;dung&quot; &amp; u get interesting feedback. also, thx for all the followfriday mentions. so far i have lost 5 followers! ???",150,150,0.9038321309197802,positive,1
it came out great,it came out great,17,17,0.812167716327655,positive,1
ok welp..i must go now i have class ttyl!,ok welp..i must go now i have class ttyl!,41,41,0.5843054568818493,positive,1
ako pa lang ba nakaka370 updates since may? @-) adiiiik.,ako pa lang ba nakaka370 updates since may? @-) adiiiik.,56,56,0.3588081845645841,negative,0
"afternoon, it's jen from subculture x","afternoon, it's jen from subculture x",37,37,0.7903900961260575,positive,1
"??, twhirl ??? ? ???? ????~","??, twhirl ??? ? ???? ????~",27,27,0.7419805674008814,positive,1
"i thought so, looks very very very green like a bicycle-shaped pea","i thought so, looks very very very green like a bicycle-shaped pea",66,66,0.5503294926612013,positive,1
"hey chick, hope you are feeling a bit better, sorry the dentists was so poor. you are lovely and be happy","hey chick, hope you are feeling a bit better, sorry the dentists was so poor. you are lovely and be happy",105,105,0.6099950697374147,positive,1
i feel so sick. this is horrible,i feel so sick. this is horrible,32,32,0.010091577630956089,negative,0
"oh, i'm so sorry. i feel your pain. i can't kill them either, and i'm always the one that finds them. why is that?","oh, i'm so sorry. i feel your pain. i can't kill them either, and i'm always the one that finds them. why is that?",114,114,0.07268398719218555,negative,0
i knoww i met a guy that looked like him last year from italy &lt;3 oof. and haha i get conffused how many &quot;t&quot;'s are in your name,i knoww i met a guy that looked like him last year from italy &lt;3 oof. and haha i get conffused how many &quot;t&quot;'s are in your name,139,139,0.8583035477777394,positive,1
"sad days make me think a lot, and i don't wanna","sad days make me think a lot, and i don't wanna",47,47,0.048234280508022004,negative,0
"well, it's late so good night everyone! see ya'll later","well, it's late so good night everyone! see ya'll later",55,55,0.9428431867103846,positive,1
i too will be interested what they do.. 's rezpondr is a one page wonder as it is.. e3,i too will be interested what they do.. 's rezpondr is a one page wonder as it is.. e3,86,86,0.6874349675952207,positive,1
saw you/valarie/bill twice but was eating or talking 2 my kids &amp; didnt get to say hi! looked like u came late &amp; left early,saw you/valarie/bill twice but was eating or talking 2 my kids &amp; didnt get to say hi! looked like u came late &amp; left early,130,130,0.5161005734927011,positive,1
life is looking good right now.,life is looking good right now.,31,31,0.750188806769828,positive,1
why must government offices have such odd hours. does it really help anyone. i guess i'll have to suck it up and make time on monday.,why must government offices have such odd hours. does it really help anyone. i guess i'll have to suck it up and make time on monday.,133,133,0.14096610843969984,negative,0
lmao. those jags hurt so much! my dentist always lies to me lol,lmao. those jags hurt so much! my dentist always lies to me lol,63,63,0.1248314787938943,negative,0
sat in the sun at the seaside,sat in the sun at the seaside,29,29,0.6618549854448145,positive,1
is one more day,is one more day,15,15,0.4568047269685471,negative,0
it's all a facade but really i'm x100000,it's all a facade but really i'm x100000,40,40,0.3536006763177961,negative,0
"never thought it would end this way. oh well... god is good, i'm still breathing, life goes on. i can't complain","never thought it would end this way. oh well... god is good, i'm still breathing, life goes on. i can't complain",112,112,0.6002041272361035,positive,1
new house... no internet,new house... no internet,24,24,0.33201365131136695,negative,0
"??? ?? &quot;????? ?? ??????????&quot;, ??? ?????? ?? ??????????","??? ?? &quot;????? ?? ??????????&quot;, ??? ?????? ?? ??????????",64,64,0.8352822856312495,positive,1
": for some reason, myspace is just not working w/ me tonight so just wanna say, *hug* miss u! &lt;3 u! hope all is well.",": for some reason, myspace is just not working w/ me tonight so just wanna say, *hug* miss u! &lt;3 u! hope all is well.",120,120,0.22826412597343143,negative,1
gr 5 is making their first collaborative website to share their info from the recent pyp exhibition. will publish it soon,gr 5 is making their first collaborative website to share their info from the recent pyp exhibition. will publish it soon,121,121,0.8188509698472235,positive,1
sushi evening,sushi evening,13,13,0.8521547729231294,positive,1
new project is in progress,new project is in progress,26,26,0.7434970499712968,positive,1
wishing my tummy didn't hurt,wishing my tummy didn't hurt,28,28,0.019012446322068367,negative,0
have to face school again tmr scary..,have to face school again tmr scary..,37,37,0.06407105914363571,negative,0
figuring out twitter..,figuring out twitter..,22,22,0.8541879225483583,positive,1
$400 to fix my car... trying to figure out where im gonna cut it from. its been 6mos i guess i could go back to work i just dont wanna,$400 to fix my car... trying to figure out where im gonna cut it from. its been 6mos i guess i could go back to work i just dont wanna,134,134,0.025043421511328406,negative,0
"i don't know whether to be angry or sad that you haven't gotten in touch with me yet, squarespace","i don't know whether to be angry or sad that you haven't gotten in touch with me yet, squarespace",97,97,0.04026200969358352,negative,0
.. precisely why! hahaha!! another round for comedy kicks and im downloading zohan again! wah!,.. precisely why! hahaha!! another round for comedy kicks and im downloading zohan again! wah!,94,94,0.4806376686630948,negative,1
ew that shit a preview.. ffuccccckkk outta here! damm.. heartbroken,ew that shit a preview.. ffuccccckkk outta here! damm.. heartbroken,67,67,0.33467029594244807,negative,0
"sat in bath with new vintage 501s and now only have wet pockets, and a lovely pair of jeans that love me","sat in bath with new vintage 501s and now only have wet pockets, and a lovely pair of jeans that love me",104,104,0.604748324382966,positive,1
bahahah omg there bradiewebb shoes,bahahah omg there bradiewebb shoes,34,34,0.6802983668103543,positive,1
"i'm very happy. oh hey mat, i miss you","i'm very happy. oh hey mat, i miss you",38,38,0.6076555784882638,positive,0
thank you for the love my brother! stay sweet!,thank you for the love my brother! stay sweet!,46,46,0.9925000067902755,positive,1
''its cold outside and the sun is gone but im allright cuz im loving it....'',''its cold outside and the sun is gone but im allright cuz im loving it....'',77,77,0.39495457457942507,negative,1
"just went to mail off two parcels to usa prices up again: insane so hot again today, gotta sort out me packing ;) just met new neighbours","just went to mail off two parcels to usa prices up again: insane so hot again today, gotta sort out me packing ;) just met new neighbours",137,137,0.3134800844376347,negative,0
why am i picturing an old-school yard sale.. only in kuala lumpur?,why am i picturing an old-school yard sale.. only in kuala lumpur?,66,66,0.31351653661031786,negative,1
just burned myself with my straightaning iron ... it hurts so bad,just burned myself with my straightaning iron ... it hurts so bad,65,65,0.07807300183632841,negative,0
"have i ever told you, i'm number dyslexic. no kidding","have i ever told you, i'm number dyslexic. no kidding",53,53,0.4445916089051722,negative,0
"first pages thru for rhs 2 from the slightly mentally disturb russ d toole, something he had already drawn hence why i gotz it now *glee*","first pages thru for rhs 2 from the slightly mentally disturb russ d toole, something he had already drawn hence why i gotz it now *glee*",137,137,0.4716723525498485,negative,1
haha! yeah of course! but i hope really that there is the webcast tonight...,haha! yeah of course! but i hope really that there is the webcast tonight...,76,76,0.8106886014623704,positive,1
tired and hungover,tired and hungover,18,18,0.14473582198825774,negative,0
is playing a good old game of bingo but not won jack yet,is playing a good old game of bingo but not won jack yet,56,56,0.3114615202554359,negative,0
"is struggling wiv the final 30 mins of work, looking forward to a nap on the train","is struggling wiv the final 30 mins of work, looking forward to a nap on the train",82,82,0.5787283196560009,positive,1
"hmmmm, the rainy season, or plum rains as they call it, is late in coming to taiwan, its nice that its sunny out, but the poor farmers","hmmmm, the rainy season, or plum rains as they call it, is late in coming to taiwan, its nice that its sunny out, but the poor farmers",134,134,0.2666257367539716,negative,0
don't want to get up. this is the first sleep in i've been able to have in ages,don't want to get up. this is the first sleep in i've been able to have in ages,79,79,0.14516204523016987,negative,0
"hello. i am at my mom's, trying to make the internet and gin get along together!","hello. i am at my mom's, trying to make the internet and gin get along together!",80,80,0.6410426492190093,positive,1
awesome pics!!!!!! we want more! sgp,awesome pics!!!!!! we want more! sgp,36,36,0.8348460088666019,positive,1
why so much pain? did i miss something?,why so much pain? did i miss something?,39,39,0.05191954680917525,negative,0
good luck!! recital 4 what?,good luck!! recital 4 what?,27,27,0.9070481759806719,positive,1
congratulations! hugs and tears and a bright future ahead,congratulations! hugs and tears and a bright future ahead,57,57,0.7718642792824679,positive,1
count sheep hha ! lol,count sheep hha ! lol,21,21,0.8335256739219251,positive,1
going to see up...but not in 3d,going to see up...but not in 3d,31,31,0.6030059658758372,positive,0
yeah. a volvo bus thankfully!,yeah. a volvo bus thankfully!,29,29,0.5865499573047908,positive,1
oh * consoling hug and a glass of wine*,oh * consoling hug and a glass of wine*,39,39,0.4167744805844684,negative,0
"i miss youu tooo ..you just called me at a weird time tonight, sorry loveyy","i miss youu tooo ..you just called me at a weird time tonight, sorry loveyy",75,75,0.11571696154312376,negative,0
whocangetit,whocangetit,11,11,0.610322884606758,positive,1
i've been a fan since the first album and heard such great reviews of their concerts. hopefully i'll get the chance again..,i've been a fan since the first album and heard such great reviews of their concerts. hopefully i'll get the chance again..,123,123,0.698688275628564,positive,0
i had a sausage egg biscuit from mcdonalds. i haven't done my outside patrol yet.,i had a sausage egg biscuit from mcdonalds. i haven't done my outside patrol yet.,81,81,0.2548166335737229,negative,0
i jus figured out that shawna raped a sheep poor sheep,i jus figured out that shawna raped a sheep poor sheep,54,54,0.3966836884564557,negative,0
lol thanks its just a matter of hoping and praying.. x,lol thanks its just a matter of hoping and praying.. x,54,54,0.7040016310160723,positive,1
"i will check out later.... thank you very much, christina","i will check out later.... thank you very much, christina",57,57,0.9746863379294475,positive,1
"you guys have been busy tweeting, and i always happily sleep through everything....bring on the competition!","you guys have been busy tweeting, and i always happily sleep through everything....bring on the competition!",108,108,0.7770531210233096,positive,1
i made $65 tonight just in tips. over the past two days i have made over $115.,i made $65 tonight just in tips. over the past two days i have made over $115.,78,78,0.5739799427419175,positive,1
exhausted in every aspect! hoping the rain gives me a peaceful sleeeep,exhausted in every aspect! hoping the rain gives me a peaceful sleeeep,70,70,0.5818935524748129,positive,1
"boy the weekend!!!!!!! i survived it! getting ready for school now! coffee, i need coffee!!!!!!","boy the weekend!!!!!!! i survived it! getting ready for school now! coffee, i need coffee!!!!!!",95,95,0.56147084050897,positive,1
f**k! drop by 3 92. sulumits-retsambew.biz,f**k! drop by 3 92. sulumits-retsambew.biz,42,42,0.19508202829072,negative,0
do i actually know you? whats ure youtube name? i'm only accepting peeps i know or hve at least heard of..i'm getting h8 now,do i actually know you? whats ure youtube name? i'm only accepting peeps i know or hve at least heard of..i'm getting h8 now,124,124,0.6540757072192341,positive,0
yeah i love that u can angle things instead of having them straight against the wall once finals are done i will play,yeah i love that u can angle things instead of having them straight against the wall once finals are done i will play,117,117,0.6985258070887744,positive,1
"damn, i forget that starts again tonight","damn, i forget that starts again tonight",40,40,0.25507807857469844,negative,0
going to bed horny is not good,going to bed horny is not good,30,30,0.10357020421407905,negative,0
apologies for innocent inquiry as to the spelling of your surname on sunday. not my best moment,apologies for innocent inquiry as to the spelling of your surname on sunday. not my best moment,95,95,0.6190978797394912,positive,1
needs to come on more often.. i keep missing jake,needs to come on more often.. i keep missing jake,49,49,0.17906700492308003,negative,0
lol headed out for sleep soon,lol headed out for sleep soon,29,29,0.7628493235958578,positive,1
- damn what will i write next,- damn what will i write next,29,29,0.3959362251022948,negative,0
"actually that should be jason felix's salvaged. but the point remains -- you did an amazing job, js.","actually that should be jason felix's salvaged. but the point remains -- you did an amazing job, js.",100,100,0.8548719726924066,positive,1
i hope you knew its due tuesday,i hope you knew its due tuesday,31,31,0.5310135649573251,positive,1
"ukip down one seat in east midlands, lib dems up. can't complain there. eu09","ukip down one seat in east midlands, lib dems up. can't complain there. eu09",76,76,0.6471441750771799,positive,1
cant wait to get to work tomorrow and do dti with cutie d. - i just heart my job,cant wait to get to work tomorrow and do dti with cutie d. - i just heart my job,80,80,0.6918327635909199,positive,1
yeah but you didn't cause all you guys hate me,yeah but you didn't cause all you guys hate me,46,46,0.11790721417846185,negative,0
"finally, i found my old flickr id.","finally, i found my old flickr id.",34,34,0.6896432844373562,positive,0
ioo avnu beda.. he was checking out females there.,ioo avnu beda.. he was checking out females there.,50,50,0.7524413527607076,positive,1
"only 12 customers away 's 50k customer will win a macbook, ipod, &amp; $100 apple gift card (via )","only 12 customers away 's 50k customer will win a macbook, ipod, &amp; $100 apple gift card (via )",98,98,0.5601119613099539,positive,1
whoa js last twitter right as i was going to sleep ... epic night all,whoa js last twitter right as i was going to sleep ... epic night all,69,69,0.6634988207236141,positive,1
good luck xxxxx,good luck xxxxx,15,15,0.8554180135276434,positive,1
yah definitely. it's a lot faster too,yah definitely. it's a lot faster too,37,37,0.8177158510071738,positive,1
really scared now,really scared now,17,17,0.13268520019821564,negative,0
wait hold on....that was how much had downloaded ...i was looking the ie download box that i haven't seen in like two years,wait hold on....that was how much had downloaded ...i was looking the ie download box that i haven't seen in like two years,123,123,0.2811986498191828,negative,0
has a bad headache,has a bad headache,18,18,0.02229387827778713,negative,0
just woke up. 4 days,just woke up. 4 days,20,20,0.6639778744567384,positive,1
feining for americanas carne asada fries. if you're from vallejo fairfield amcan&amp; coming 4rm the city. haha stop by and get me fries pls.,feining for americanas carne asada fries. if you're from vallejo fairfield amcan&amp; coming 4rm the city. haha stop by and get me fries pls.,141,141,0.8981226161908953,positive,1
uploading pictures on myspace,uploading pictures on myspace,29,29,0.7774638217333529,positive,1
yayy chillin with veronica tonight,yayy chillin with veronica tonight,34,34,0.8494936448083509,positive,1
i.e. no usury allowed.,i.e. no usury allowed.,22,22,0.09413235804662988,negative,1
- someone made a stinky....,- someone made a stinky....,27,27,0.4210259451369884,negative,0
sorry you aren't feeling well,sorry you aren't feeling well,29,29,0.06368072005215711,negative,0
"yeah, it's only part of it. i didn't have the skill to point that out and fit it in my last tweet though","yeah, it's only part of it. i didn't have the skill to point that out and fit it in my last tweet though",104,104,0.3831452028513692,negative,1
anh's birthday tomorrow,anh's birthday tomorrow,23,23,0.7472344959122175,positive,1
"i fixed my own car!!!!..well i checked my oil, wich there was none...so i added some!!!","i fixed my own car!!!!..well i checked my oil, wich there was none...so i added some!!!",87,87,0.4413413700190594,negative,1
american idol!! still bummed allison didn't win antm,american idol!! still bummed allison didn't win antm,52,52,0.06834309372258146,negative,0
history with taylor ;; &amp;&amp; jamming to the backstreet boys ;; hollaaa *,history with taylor ;; &amp;&amp; jamming to the backstreet boys ;; hollaaa *,77,77,0.7878516304501392,positive,1
i doubt i could pull either off! now there is only mischief in these eyes,i doubt i could pull either off! now there is only mischief in these eyes,73,73,0.24253073767139577,negative,0
will find the best apartment for me and my girls ! but in a big rush..... july 1st and am homeless,will find the best apartment for me and my girls ! but in a big rush..... july 1st and am homeless,98,98,0.4889868257177993,negative,0
yay fencing but oy it's hot outside~,yay fencing but oy it's hot outside~,36,36,0.6406719944968747,positive,1
???????? ?????? ?? oauth ? ???? ????? ??? ??????? ? ???,???????? ?????? ?? oauth ? ???? ????? ??? ??????? ? ???,55,55,0.6165217318609147,positive,1
isn't he just glorious in it? so awkward and weird and just so funny. especially with amy sedaris.,isn't he just glorious in it? so awkward and weird and just so funny. especially with amy sedaris.,98,98,0.8036560173522569,positive,1
my boss said that its time for me to find a job! any ideas?,my boss said that its time for me to find a job! any ideas?,59,59,0.19312420457702772,negative,0
in textiles with,in textiles with,16,16,0.7486030249100004,positive,1
i hope you feel better,i hope you feel better,22,22,0.2500300792131078,negative,0
okay i sure will and thanks for passing it along jason loveeverybody loveeverybody loveeverybody loveeverybody,okay i sure will and thanks for passing it along jason loveeverybody loveeverybody loveeverybody loveeverybody,110,110,0.8630227751286178,positive,1
"how bout you follow me, and ill be your 100","how bout you follow me, and ill be your 100",43,43,0.8874517248574428,positive,1
the hangover = awesome. and strangely left me craving a vegas trip. let's go ladies!,the hangover = awesome. and strangely left me craving a vegas trip. let's go ladies!,84,84,0.6704276473979217,positive,1
i'm hungry. and lonely.,i'm hungry. and lonely.,23,23,0.0655594046790887,negative,0
"u still up? if so, go to aim.","u still up? if so, go to aim.",29,29,0.6080293973422708,positive,1
well i didn't do much. i was going out with my cosuin but she back out. and of course i missed u...,well i didn't do much. i was going out with my cosuin but she back out. and of course i missed u...,99,99,0.37690461535698755,negative,1
"aww sorry to hear you are having 1 of those days, but your never alone in the twitterverse","aww sorry to hear you are having 1 of those days, but your never alone in the twitterverse",90,90,0.14264555931363215,negative,1
"my boy had caught, get well soon,dear.. sorry,i cant meet u today..","my boy had caught, get well soon,dear.. sorry,i cant meet u today..",67,67,0.10490294437338696,negative,0
oh how lovely! we had a hail storm week ago sat. beat tender plants to a pulp. beat all the petals off the roses. garden sad.,oh how lovely! we had a hail storm week ago sat. beat tender plants to a pulp. beat all the petals off the roses. garden sad.,125,125,0.24945164544920237,negative,0
what has happened my itunes ?,what has happened my itunes ?,29,29,0.22853091378128151,negative,0
oh no i hope it doesn't hurt. get a lollipop! i do everytime i go yay ruining teeth after they fix them!,oh no i hope it doesn't hurt. get a lollipop! i do everytime i go yay ruining teeth after they fix them!,104,104,0.10685453100848334,negative,0
this made my day,this made my day,16,16,0.8084871367121038,positive,1
i am doing the housework i didn't do yesterday because i was playing taxicab.,i am doing the housework i didn't do yesterday because i was playing taxicab.,77,77,0.40165606640713547,negative,1
missing friday night adventures in nyc,missing friday night adventures in nyc,38,38,0.19538501299676492,negative,0
"leave for atlanta in 4 hours, will be there by 3 am!! whoooooo!!!! although i have to see paige and kristian go","leave for atlanta in 4 hours, will be there by 3 am!! whoooooo!!!! although i have to see paige and kristian go",111,111,0.22419197937861698,negative,0
i can imagine well it will b over soon just one more busy day,i can imagine well it will b over soon just one more busy day,61,61,0.4685001817173347,negative,0
"we're all fighting the good fight, and the more success stories there are, the more there will be","we're all fighting the good fight, and the more success stories there are, the more there will be",97,97,0.7700906414346828,positive,1
my ipod gave me its last day,my ipod gave me its last day,28,28,0.1111343766446056,negative,0
i'm really confident about presenting my english project. it helps knowing your topic really well,i'm really confident about presenting my english project. it helps knowing your topic really well,97,97,0.8296532833894616,positive,1
omg taylor is hot i luv ur new issue and da twilight poster and for my bday i got a subscription 2 gf luv ur work,omg taylor is hot i luv ur new issue and da twilight poster and for my bday i got a subscription 2 gf luv ur work,113,113,0.7604147900357886,positive,1
getting ready to go to work its sucks,getting ready to go to work its sucks,37,37,0.0569805195958741,negative,0
was just giving you a hard time,was just giving you a hard time,31,31,0.5403741240198514,positive,1
i want to download backtothefeature but i don't have a computer!!!,i want to download backtothefeature but i don't have a computer!!!,66,66,0.01106830393063068,negative,0
in the mood for some food. i don't have money,in the mood for some food. i don't have money,45,45,0.24294100516597933,negative,0
rescue remedy is being abused rapidly this weekâ¦probably just for funâ¦bad!,rescue remedy is being abused rapidly this weekâ¦probably just for funâ¦bad!,78,78,0.304335329419067,negative,1
"great, newgadgets.de is working again, after the press conference, great liveblogging, good for me twitter was still online","great, newgadgets.de is working again, after the press conference, great liveblogging, good for me twitter was still online",123,123,0.8201973386157629,positive,1
"fun post, great pic at the end of it too oh! and i like your new twitter profile pic too, fun smile","fun post, great pic at the end of it too oh! and i like your new twitter profile pic too, fun smile",99,99,0.9682268725634625,positive,1
working during the day is for old people. i don't wanna go,working during the day is for old people. i don't wanna go,58,58,0.17562386972193905,negative,0
quantity...quality... as far as i'm concerned it's not too concerning (balance men/women on twitter)!,quantity...quality... as far as i'm concerned it's not too concerning (balance men/women on twitter)!,101,101,0.8175486045617917,positive,1
"is eating the world's best ramen, made by my mommy.","is eating the world's best ramen, made by my mommy.",51,51,0.7269872153964388,positive,1
mr. wiebe wasn't at school today he was donkey kong-ing it up in la at e3. go steve! wiebe,mr. wiebe wasn't at school today he was donkey kong-ing it up in la at e3. go steve! wiebe,90,90,0.37960937989274,negative,0
hes been talking about it for a couple years - doesn't help that others around him are in or ex that he talks to,hes been talking about it for a couple years - doesn't help that others around him are in or ex that he talks to,112,112,0.32075278410403923,negative,0
marrs! haha i still talk to him. my bgg is kinda dating him. ya member how obsessed i was with andrew,marrs! haha i still talk to him. my bgg is kinda dating him. ya member how obsessed i was with andrew,101,101,0.5568704172221046,positive,0
"im tv lã¤uft sissi, omg","im tv lã¤uft sissi, omg",23,23,0.2519749841552164,negative,0
"thanksemma, birthday was on sunday","thanksemma, birthday was on sunday",34,34,0.5595125857890717,positive,1
what a great weekend... now back to work,what a great weekend... now back to work,40,40,0.3453838307071529,negative,0
all the cool people were herebeforeoprah,all the cool people were herebeforeoprah,40,40,0.6941954597603356,positive,1
"ugh, me not being able to type properly = too early for twitter!! the gym opens in 23 mins!! bye tweetie pies","ugh, me not being able to type properly = too early for twitter!! the gym opens in 23 mins!! bye tweetie pies",109,109,0.24314307627689039,negative,1
"i just napped for 5 hours i like naps. i think i shall go eat some food now...yes, food.","i just napped for 5 hours i like naps. i think i shall go eat some food now...yes, food.",88,88,0.8377843363461759,positive,1
well you gave us a laugh!!!,well you gave us a laugh!!!,27,27,0.8003903427338575,positive,1
at honda-ya again with . can't believe i am gonna miss the parade tomm,at honda-ya again with . can't believe i am gonna miss the parade tomm,70,70,0.08346438220564109,negative,0
i think ur sending dm's 2 wrong person lol or ur not using the &quot;@&quot; symbol in front of my name j_logic or just click reply or dm,i think ur sending dm's 2 wrong person lol or ur not using the &quot;@&quot; symbol in front of my name j_logic or just click reply or dm,137,137,0.7244686328464763,positive,1
"we just finished fri13p5...merisue vorhees where are you now? part6 next...also, disappointed no mewes or mosier @ carnegie hall 2nite","we just finished fri13p5...merisue vorhees where are you now? part6 next...also, disappointed no mewes or mosier @ carnegie hall 2nite",134,134,0.26685379076045657,negative,0
you shop at digitalplanetsa.. thanks so much for the tweet! hope to hear from you soon!,you shop at digitalplanetsa.. thanks so much for the tweet! hope to hear from you soon!,87,87,0.9211163084576997,positive,1
maps for saga edition game tomorrow night. game prep takes more time than i'd like and less time than it should. rpg,maps for saga edition game tomorrow night. game prep takes more time than i'd like and less time than it should. rpg,116,116,0.5418267055688775,positive,0
self-evalutation: check! half way there,self-evalutation: check! half way there,39,39,0.8194737799178007,positive,1
"movie scripts are too long and complicated. i think i'd rather write a web miniseries, but i have to write a movie for class.","movie scripts are too long and complicated. i think i'd rather write a web miniseries, but i have to write a movie for class.",125,125,0.26113047135872225,negative,0
is done with most of his work...time to relax,is done with most of his work...time to relax,45,45,0.7240798294546104,positive,1
gonna go read for a bit and then go pick up the soldiers,gonna go read for a bit and then go pick up the soldiers,56,56,0.8653743654292195,positive,1
i want some apples and strawberries... hehe,i want some apples and strawberries... hehe,43,43,0.7711771346120762,positive,1
going to do some laundry see you all sonn,going to do some laundry see you all sonn,41,41,0.8320719426775491,positive,1
last day of camp counseling its been really fun!,last day of camp counseling its been really fun!,48,48,0.3576892041119404,negative,0
uuurghhhh!!!! u didnt say hiii to me the tweeting time!!!,uuurghhhh!!!! u didnt say hiii to me the tweeting time!!!,57,57,0.35838569166055056,negative,0
"awww and you are most certainly a bamf! you're the new chuck norris, that's how ba you are","awww and you are most certainly a bamf! you're the new chuck norris, that's how ba you are",90,90,0.9325195186817921,positive,0
aww thank you everton did well &amp; get record 4 fastest goal in fa cup history,aww thank you everton did well &amp; get record 4 fastest goal in fa cup history,80,80,0.883443672127632,positive,1
on my way to physical therapy...ick,on my way to physical therapy...ick,35,35,0.4239576848533961,negative,0
yeah unfortunately! thats what the woman at the till said too!,yeah unfortunately! thats what the woman at the till said too!,62,62,0.27802316267312877,negative,0
who is shee? i wish i was that lucky!,who is shee? i wish i was that lucky!,37,37,0.16380751200602245,negative,1
rockband beeeeeeatles!!!!!!,rockband beeeeeeatles!!!!!!,27,27,0.6395855034278213,positive,1
wish you were speaking at my legal get together!,wish you were speaking at my legal get together!,48,48,0.2865081986514471,negative,1
"is it...? cammit, it's not lunchtime yet... squarespace","is it...? cammit, it's not lunchtime yet... squarespace",55,55,0.1801497540897765,negative,0
hi why are people such wankers these days?,hi why are people such wankers these days?,42,42,0.3767872624507146,negative,0
i think my gf's phone is on its last leg,i think my gf's phone is on its last leg,40,40,0.1955842068093918,negative,0
all those goodsex comments ha ha left you a little weary,all those goodsex comments ha ha left you a little weary,56,56,0.7881879463306528,positive,1
i have mri tomorrow,i have mri tomorrow,19,19,0.2158576318294439,negative,0
just arrived. yay! t'is gon' be fun!,just arrived. yay! t'is gon' be fun!,36,36,0.9489365138707964,positive,1
another view of parrot cay beach this morning. nobody for pilates,another view of parrot cay beach this morning. nobody for pilates,65,65,0.46769651324344946,negative,0
picking up cody at 5 &amp; going to hard rock cafe at foxwoods,picking up cody at 5 &amp; going to hard rock cafe at foxwoods,62,62,0.7877512632364432,positive,1
"aw yay twitter fixed its picture problem, i now have a default","aw yay twitter fixed its picture problem, i now have a default",62,62,0.6795060685910536,positive,1
damn it was good as hell too but i can't drink anymore,damn it was good as hell too but i can't drink anymore,54,54,0.13001354846024768,negative,0
we're gonna kidnap the jonas brothers!,we're gonna kidnap the jonas brothers!,38,38,0.7257044311336331,positive,1
"its break, and my day is looking up but now we have maths then english sometimes i hate school.","its break, and my day is looking up but now we have maths then english sometimes i hate school.",95,95,0.2551164533985371,negative,0
really good news!!,really good news!!,18,18,0.9079153443772922,positive,1
bridal showers are so much fun,bridal showers are so much fun,30,30,0.6320107459806596,positive,1
so grandma and mama turned me down for breakfast at ihop,so grandma and mama turned me down for breakfast at ihop,56,56,0.46713954982448475,negative,0
youtubes down for maintenance,youtubes down for maintenance,29,29,0.29028705280166056,negative,0
hurrah! bicycle is mine and looks all good. not bad for 90 quid killing puppies comes later.,hurrah! bicycle is mine and looks all good. not bad for 90 quid killing puppies comes later.,92,92,0.6088189579750297,positive,1
five adults strapped together? (sigh ...) it's a very long time since i went to one of those parties,five adults strapped together? (sigh ...) it's a very long time since i went to one of those parties,100,100,0.3661306380773715,negative,0
"florida! been missing you. gosh, wish i went with you. but i'm glad you're back! javi says he's been missing you and youre smallness!","florida! been missing you. gosh, wish i went with you. but i'm glad you're back! javi says he's been missing you and youre smallness!",133,133,0.21741201727895657,negative,1
been awhile since i've spun some tunes... so kcon is now on the ray-dee-oh. â«,been awhile since i've spun some tunes... so kcon is now on the ray-dee-oh. â«,79,79,0.6709363777477804,positive,1
juzta close a loop. we got a shirt. pink one. i thk he liked it...,juzta close a loop. we got a shirt. pink one. i thk he liked it...,66,66,0.7863913084567806,positive,1
swamped at work.... not a good day but trying to keep positive... the weekend is not that far.,swamped at work.... not a good day but trying to keep positive... the weekend is not that far.,94,94,0.09715249077521848,negative,0
"we only got a small portion of her library though... she had other children as well, which took some of them. but, at least...","we only got a small portion of her library though... she had other children as well, which took some of them. but, at least...",126,126,0.3246362039702735,negative,0
"morning paul! of course you're biased, that's your job!!","morning paul! of course you're biased, that's your job!!",56,56,0.9458834966577138,positive,1
just had a all nighter!!!,just had a all nighter!!!,25,25,0.4770725187353495,negative,1
get 100 followers a day using once you add everyone you are on the train or pay vip,get 100 followers a day using once you add everyone you are on the train or pay vip,83,83,0.9669891371597039,positive,1
gonna go do some grocery shopping now and clean. will be back in a few,gonna go do some grocery shopping now and clean. will be back in a few,70,70,0.8047268914771993,positive,1
my last theater lesson will be this saturday. i am going to miss it a lot on the other hand i am nearly done with my new architecture web,my last theater lesson will be this saturday. i am going to miss it a lot on the other hand i am nearly done with my new architecture web,137,137,0.2929252822654668,negative,0
"really??? ahhahaha, finally, at last...","really??? ahhahaha, finally, at last...",39,39,0.6728330033263936,positive,1
join the club.,join the club.,14,14,0.4260003606651797,negative,0
and i did do something unusual for me to do with my friends,and i did do something unusual for me to do with my friends,59,59,0.6429765802129441,positive,1
omg sooo hungry and can't make anything till the plasterers done,omg sooo hungry and can't make anything till the plasterers done,64,64,0.13744471406401734,negative,0
bbq with family! nice weather,bbq with family! nice weather,29,29,0.8907322504735288,positive,1
it's raining again. ugh! did not want to get out of bed this morning.,it's raining again. ugh! did not want to get out of bed this morning.,69,69,0.014440330080924465,negative,0
back after two days..lol! i've missed my laptop!,back after two days..lol! i've missed my laptop!,48,48,0.45071266234761176,negative,1
"we are the same, me soo sleeeeeeeepyy","we are the same, me soo sleeeeeeeepyy",37,37,0.4676425671135977,negative,0
yeah tell me about it ma,yeah tell me about it ma,24,24,0.29258202737675965,negative,0
certainly is. i love charlie and lola,certainly is. i love charlie and lola,37,37,0.8593695045105137,positive,1
juss got home frm my movie date. it was... pretty cool watching &quot;jeepers creepers 2&quot;,juss got home frm my movie date. it was... pretty cool watching &quot;jeepers creepers 2&quot;,94,94,0.8675199417410336,positive,1
is feeling a lot of love today.,is feeling a lot of love today.,31,31,0.7385967118759311,positive,1
sounds like a wonderful foundation to build on,sounds like a wonderful foundation to build on,46,46,0.8661446330286124,positive,1
"aww one of my former co-worker's misses me. i miss the people, not the stress and the upper bs crap. i miss my p&amp;y family.","aww one of my former co-worker's misses me. i miss the people, not the stress and the upper bs crap. i miss my p&amp;y family.",126,126,0.017090915345763246,negative,0
sniff sniff &lt;aaaaachhhooo&gt;. last day of training at a new job and fighting a cold,sniff sniff &lt;aaaaachhhooo&gt;. last day of training at a new job and fighting a cold,87,87,0.13417771412475327,negative,0
but if i were to two time ya..... 's new hairstyle would certainly be an acceptable reason to do so....hot stuff,but if i were to two time ya..... 's new hairstyle would certainly be an acceptable reason to do so....hot stuff,112,112,0.816286639145884,positive,1
getting ready for dinner @ soho.. happy b'day mom ! hope you have a loooong and happy life,getting ready for dinner @ soho.. happy b'day mom ! hope you have a loooong and happy life,90,90,0.9618434445240543,positive,1
just the phrase &quot;heirloom vegetable&quot; makes my heart go pitter-patter.,just the phrase &quot;heirloom vegetable&quot; makes my heart go pitter-patter.,79,79,0.8168146882297082,positive,1
aaaw give the boys a lick for me will you please ella? they're ever so good,aaaw give the boys a lick for me will you please ella? they're ever so good,75,75,0.8089550708853592,positive,1
too funny!,too funny!,10,10,0.8692008903245045,positive,1
"oh. sorry, i didn't know.","oh. sorry, i didn't know.",25,25,0.13614716078421227,negative,0
"hung out with the most adorable guy at the game, but hes 2 years younger than me!","hung out with the most adorable guy at the game, but hes 2 years younger than me!",81,81,0.466002933538762,negative,0
"yeah ny is still cool. firstborn as well, keeping me quite busy. well most of the time... not now...","yeah ny is still cool. firstborn as well, keeping me quite busy. well most of the time... not now...",100,100,0.4561363521715777,negative,0
goin to bed,goin to bed,11,11,0.6698550999984915,positive,0
i can convey but i can't describe nuance...well not w/such elegance as &quot;obama is a jackass&quot;...there's some literary brilliance,i can convey but i can't describe nuance...well not w/such elegance as &quot;obama is a jackass&quot;...there's some literary brilliance,136,136,0.2879568509982068,negative,1
"just watched mental, i liked it","just watched mental, i liked it",31,31,0.8050164311100079,positive,1
we all know lux is a fucking joke...thank god for free drinks though,we all know lux is a fucking joke...thank god for free drinks though,68,68,0.892223639473133,positive,1
and i love your music,and i love your music,21,21,0.968581869615799,positive,1
twitter is being a beeyotch,twitter is being a beeyotch,27,27,0.3614541659285132,negative,0
thanks for following! will you be taking rants and raves via twitter now?,thanks for following! will you be taking rants and raves via twitter now?,73,73,0.9484627794953415,positive,1
"aaahhhhh, no photoshop at all !!!!! this is wearing thin on me","aaahhhhh, no photoshop at all !!!!! this is wearing thin on me",62,62,0.2109456183891765,negative,0
i am sick!! my brother is in europe without me,i am sick!! my brother is in europe without me,46,46,0.07060971272554777,negative,0
i'll check out once i'm home,i'll check out once i'm home,28,28,0.8787191478630095,positive,1
"i stopped to get gas @ a cumberland farms this weekend, but they had no wotto monsters i checked!!","i stopped to get gas @ a cumberland farms this weekend, but they had no wotto monsters i checked!!",98,98,0.098132891165277,negative,0
musicmonday: the melodies won't leave me alone and i don't mind,musicmonday: the melodies won't leave me alone and i don't mind,63,63,0.3954835633846093,negative,1
the sun is going must be time to enter an award then! ciprlps excellence awards. get more info from,the sun is going must be time to enter an award then! ciprlps excellence awards. get more info from,99,99,0.8167121939121077,positive,0
we're gonna make it a fondue party tonight! extra hard work out tomorrow morning but it will definitely be worth it!!,we're gonna make it a fondue party tonight! extra hard work out tomorrow morning but it will definitely be worth it!!,117,117,0.7450642140425298,positive,0
"what did i miss today? do tell, do tell. i feel so bad not being able to make class.","what did i miss today? do tell, do tell. i feel so bad not being able to make class.",84,84,0.0893760072331299,negative,0
adriana i challenge you to watch your 18th bday vid from us without cringing and throwing something at my face. how shameful!!!,adriana i challenge you to watch your 18th bday vid from us without cringing and throwing something at my face. how shameful!!!,127,127,0.5834257122439734,positive,0
lol that's hysterical,lol that's hysterical,21,21,0.7951365250485642,positive,1
thanks dear... i'll check those out... trying to catch up to the times!,thanks dear... i'll check those out... trying to catch up to the times!,71,71,0.7754097255669252,positive,1
a glass of rose &amp; the french open fb,a glass of rose &amp; the french open fb,40,40,0.6888159570583466,positive,1
might go on the original sims because i dont have number 2 or 3,might go on the original sims because i dont have number 2 or 3,63,63,0.48141481660480745,negative,0
"lost one of my sd cards while in sydney - the one with all az's monkey photos on it , seen it?","lost one of my sd cards while in sydney - the one with all az's monkey photos on it , seen it?",94,94,0.3578746752108055,negative,0
brinnyckz's family party wif justin and taylor,brinnyckz's family party wif justin and taylor,46,46,0.8391111479063993,positive,1
"got up at 6:30...ugh headache, etc. wish businesses opened earlier.","got up at 6:30...ugh headache, etc. wish businesses opened earlier.",67,67,0.028312658810362698,negative,1
"nice work, we get comics with 1 month delay but i enjoy hearing your reviews! i get invincible in tpb so had to skip","nice work, we get comics with 1 month delay but i enjoy hearing your reviews! i get invincible in tpb so had to skip",116,116,0.5743803568249921,positive,0
"hey jonas, when will you guys come to indonesia? i love you!","hey jonas, when will you guys come to indonesia? i love you!",60,60,0.7780151742787036,positive,0
! omg reallly bush walking fun! but not alone! you brave! you'll totally get raped in derr! lol,! omg reallly bush walking fun! but not alone! you brave! you'll totally get raped in derr! lol,95,95,0.7465409283292509,positive,1
i want miley to come to the uk. that would be amazing,i want miley to come to the uk. that would be amazing,53,53,0.7437283824237899,positive,1
lol thanks for being funny.,lol thanks for being funny.,27,27,0.9673076301513893,positive,1
.i'm so hungry i think i'm going to pass out,.i'm so hungry i think i'm going to pass out,44,44,0.4341802072901543,negative,0
hangin with the fam luvin sunday morning,hangin with the fam luvin sunday morning,40,40,0.8825977385948933,positive,1
hornie hotty just can't get enough of me...she brought her twin sister with her *block* *block* *next*,hornie hotty just can't get enough of me...she brought her twin sister with her *block* *block* *next*,102,102,0.3966597698111479,negative,0
no! i should say not! :sniffles: i need my jodiekins... imissyourfacewhenyouregone,no! i should say not! :sniffles: i need my jodiekins... imissyourfacewhenyouregone,82,82,0.06319481292769447,negative,0
thanks! i need to find a skin or a whatever so i can give him his snakebites. and some fucking ink!,thanks! i need to find a skin or a whatever so i can give him his snakebites. and some fucking ink!,99,99,0.5672160246407681,positive,0
what's there to do on a rainy day?,what's there to do on a rainy day?,34,34,0.35273365592587713,negative,0
what happened to that link on the side bar that says everybody?how am i going to look at what random people just tweeted now?,what happened to that link on the side bar that says everybody?how am i going to look at what random people just tweeted now?,125,125,0.40157654642586654,negative,0
"wow, that really is a coincidence :o i despise the orthodonist; my teeth always feel so sore afterwards. i know how you feel","wow, that really is a coincidence :o i despise the orthodonist; my teeth always feel so sore afterwards. i know how you feel",124,124,0.08655177993007725,negative,0
i wish i had at least one person that i could talk to about anything.... not watching alpha dog tonight. tomorrow instead.,i wish i had at least one person that i could talk to about anything.... not watching alpha dog tonight. tomorrow instead.,122,122,0.1642216009633572,negative,0
very happy,very happy,10,10,0.9306183141803658,positive,1
laying in the dark thinking of you.,laying in the dark thinking of you.,35,35,0.7059680895156621,positive,1
been watching hong jitong! (korean drama) why do they act sooo good compared to our local stars?,been watching hong jitong! (korean drama) why do they act sooo good compared to our local stars?,96,96,0.45882029118888357,negative,0
get 100 followers a day using once you add everyone you are on the train or pay vip,get 100 followers a day using once you add everyone you are on the train or pay vip,83,83,0.9669891371597039,positive,1
q: what do you call a cobra hovering on a rose? a: (gul pe nag). now she'll show her chup sale t-shirt,q: what do you call a cobra hovering on a rose? a: (gul pe nag). now she'll show her chup sale t-shirt,102,102,0.7524177549791404,positive,1
-- lol. i loovee madea. thats who i got it from.,-- lol. i loovee madea. thats who i got it from.,48,48,0.866156940805944,positive,1
i cant believe she tore the label off my hairspray lol,i cant believe she tore the label off my hairspray lol,54,54,0.33198576681760633,negative,0
watching poetic justice,watching poetic justice,23,23,0.8771957582083599,positive,1
also wishing i could stay up for imprint tomorrow but have an exam,also wishing i could stay up for imprint tomorrow but have an exam,66,66,0.16589569667996118,negative,0
- i believe so... ihate this! sorry!,- i believe so... ihate this! sorry!,36,36,0.12423323591495174,negative,0
my tummy doesn't feel well,my tummy doesn't feel well,26,26,0.04940396869799654,negative,0
off to geneseo... arg... headache!,off to geneseo... arg... headache!,34,34,0.19297855272457234,negative,0
ain't even qoinq to qo check u out....u wouldn't shout me last nite. still love u doe!,ain't even qoinq to qo check u out....u wouldn't shout me last nite. still love u doe!,86,86,0.6807467750112282,positive,0
well....*never mind*,well....*never mind*,20,20,0.6120306967760903,positive,0
can't sleep! overdose of caffeine,can't sleep! overdose of caffeine,33,33,0.16913793557470577,negative,0
i gotta work for four hours and then it is shopping and bridesmaid dress shopping,i gotta work for four hours and then it is shopping and bridesmaid dress shopping,81,81,0.4139036873682303,negative,0
"yea i can't play right now ...well, i guess he would let me, but i know he's having fun with his friends..","yea i can't play right now ...well, i guess he would let me, but i know he's having fun with his friends..",106,106,0.4680981566879104,negative,0
"too true, unfortunatly i just don't really know where would be the best place, i'd prefer somewhere i havent been before","too true, unfortunatly i just don't really know where would be the best place, i'd prefer somewhere i havent been before",120,120,0.4541962830463225,negative,1
"whoa, rejected. i was rejected. help?","whoa, rejected. i was rejected. help?",37,37,0.3850370315109439,negative,0
"don't drink &amp; tweet, you're already on stage for the twtrcon twittcast","don't drink &amp; tweet, you're already on stage for the twtrcon twittcast",74,74,0.8096636498513449,positive,1
"awww road trip from vegas, or too prego by then?","awww road trip from vegas, or too prego by then?",48,48,0.46818521087944737,negative,0
"gunna try it tomorrow @ work in front of pc. been mobile most of day and night. w/out 3g, bold is slow as pearl","gunna try it tomorrow @ work in front of pc. been mobile most of day and night. w/out 3g, bold is slow as pearl",111,111,0.34281264917816706,negative,0
watching the 3rd episode of jonas,watching the 3rd episode of jonas,33,33,0.7599345221630353,positive,1
white chocolate reeses are good. nothing is good on tv at 3am,white chocolate reeses are good. nothing is good on tv at 3am,61,61,0.6837890239926014,positive,0
done with softball practice...now it's time for a refreshing shower! (whew!),done with softball practice...now it's time for a refreshing shower! (whew!),76,76,0.9101291042015773,positive,1
chillin,chillin,7,7,0.7788893089772568,positive,1
start a blog on our network and we will promote your blog for you!,start a blog on our network and we will promote your blog for you!,66,66,0.9450808667065931,positive,1
troubleshooting emc networker &amp; emc edl / vtl problems - ideal to start the workweek,troubleshooting emc networker &amp; emc edl / vtl problems - ideal to start the workweek,88,88,0.6223003749680643,positive,1
praying for my mother to be ok. she had a heart attack this morning and is in the hospital,praying for my mother to be ok. she had a heart attack this morning and is in the hospital,90,90,0.173686474346544,negative,0
why do i have so much to do...i thought after exams i'd be free....turns out i was wrong,why do i have so much to do...i thought after exams i'd be free....turns out i was wrong,88,88,0.10178118035554139,negative,0
trying out 's recommendations - thanks,trying out 's recommendations - thanks,38,38,0.8474752577537672,positive,1
"time to continue playing re5. shoot = standing still feels awkward at 1st to an old fps addict but hey, get to shoot zombies in the head.","time to continue playing re5. shoot = standing still feels awkward at 1st to an old fps addict but hey, get to shoot zombies in the head.",137,137,0.6421980592865111,positive,1
its 8:00pm here just finished dinner..gotta catch some early zzzzz's. hoping that tomorrow will be better and funner?! goodnight ;),its 8:00pm here just finished dinner..gotta catch some early zzzzz's. hoping that tomorrow will be better and funner?! goodnight ;),131,131,0.7823910255233338,positive,1
hills finale is over....mtv movie awards,hills finale is over....mtv movie awards,40,40,0.48854434000704383,negative,1
"you're not really saying that for my benefit though, are ya..?","you're not really saying that for my benefit though, are ya..?",62,62,0.6748379448248221,positive,1
accidents happen. the bird must have lived a good life. sorry you didn't get the job after all and ohhhhh...a macbook! x,accidents happen. the bird must have lived a good life. sorry you didn't get the job after all and ohhhhh...a macbook! x,120,120,0.1820893679742583,negative,0
i cannot sleep but i am still sleep deprived! it still doesn't feel like summmer,i cannot sleep but i am still sleep deprived! it still doesn't feel like summmer,80,80,0.02593801762046475,negative,0
what the hell are you talking about? the devmeet is on the 19th,what the hell are you talking about? the devmeet is on the 19th,63,63,0.7040479851043898,positive,1
"i've been alright, finally finished w/ school, well except 1 more final. you? i submitted my $100+sir for uci so i'm excited","i've been alright, finally finished w/ school, well except 1 more final. you? i submitted my $100+sir for uci so i'm excited",124,124,0.9101858886412365,positive,1
hey lc!! could u like give me a copy of your book? i'm from a 3rd world county and can't afford it. not available in here,hey lc!! could u like give me a copy of your book? i'm from a 3rd world county and can't afford it. not available in here,121,121,0.25554282144166446,negative,0
"first:1 week of school ,secondly: 1 week of exams :s and finally... summer time!!!!!","first:1 week of school ,secondly: 1 week of exams :s and finally... summer time!!!!!",84,84,0.7602492684187139,positive,1
yup! gotta work at both of em today and i really don't feel like it,yup! gotta work at both of em today and i really don't feel like it,67,67,0.18688884468523392,negative,0
haha dereck's my twilight boy,haha dereck's my twilight boy,29,29,0.891204363994397,positive,1
thanks hun,thanks hun,10,10,0.9485050139564892,positive,1
revising as uni exams are looming,revising as uni exams are looming,33,33,0.25356465774244596,negative,0
"sun is shining,the weather is sweet! so how come i'm inside workin ...","sun is shining,the weather is sweet! so how come i'm inside workin ...",70,70,0.4397680817655059,negative,0
i know we aren't suppose to ask 'why me?' but why me....... maybe i'm just feeling sorry for myself cause i still feel crappy...,i know we aren't suppose to ask 'why me?' but why me....... maybe i'm just feeling sorry for myself cause i still feel crappy...,128,128,0.048965929736915666,negative,0
"i'll never get a summer holiday again! i work loool, at least you'll be rolling in money!","i'll never get a summer holiday again! i work loool, at least you'll be rolling in money!",89,89,0.3507833433705932,negative,0
you guys are awesome. god bless,you guys are awesome. god bless,31,31,0.9349711905407884,positive,1
pedicure was great now shopping and i'm running out of money,pedicure was great now shopping and i'm running out of money,60,60,0.42026639488151135,negative,0
"google thinks the cafe is a spam blog. they're recognised by &quot;irrelevant, repetitive, or nonsensical text&quot;. that's told me","google thinks the cafe is a spam blog. they're recognised by &quot;irrelevant, repetitive, or nonsensical text&quot;. that's told me",132,132,0.5552006488207566,positive,0
"good morning, lol no wild outfits today ....yet","good morning, lol no wild outfits today ....yet",47,47,0.8547223782748717,positive,1
she's fine (thx jesus) just a blip w/ the ticker rhythm- ty for asking. i will call you later.,she's fine (thx jesus) just a blip w/ the ticker rhythm- ty for asking. i will call you later.,94,94,0.9585270445293584,positive,1
im lookin at elephants aww they are huge. kanagroos are next.,im lookin at elephants aww they are huge. kanagroos are next.,61,61,0.4886602070305894,negative,1
missed 11:11 fail.,missed 11:11 fail.,18,18,0.13132625390206043,negative,0
"ilovegoogle, move up by 1 20. sulumitsretsambew-id.com","ilovegoogle, move up by 1 20. sulumitsretsambew-id.com",54,54,0.6763278720043213,positive,1
get well katrina! i'm sorry you're in so much pain,get well katrina! i'm sorry you're in so much pain,50,50,0.12655956374536143,negative,0
diet pop makes me burp like no other! florida in 19 daysssssss! cedar point next monday!,diet pop makes me burp like no other! florida in 19 daysssssss! cedar point next monday!,88,88,0.4940540228232493,negative,1
"in rome, just saw &quot;angels and demons.&quot; its awesome!!! and i'm not saying that because a studio flew me here. sadly, no clint howard","in rome, just saw &quot;angels and demons.&quot; its awesome!!! and i'm not saying that because a studio flew me here. sadly, no clint howard",141,141,0.34940586611765045,negative,0
"right, definitely away for sleep now, up in 5 hours...","right, definitely away for sleep now, up in 5 hours...",54,54,0.34996117145008565,negative,0
back from the dentist with 2 new fillings. my mouth hurts.,back from the dentist with 2 new fillings. my mouth hurts.,58,58,0.13693939222270596,negative,0
"not often, but yes. plus, i sit right next to , who regularly brings in his puppies","not often, but yes. plus, i sit right next to , who regularly brings in his puppies",83,83,0.6407196149446426,positive,1
"she has been very busy in work and a little pre-occupied this weekend, but she is great thanks","she has been very busy in work and a little pre-occupied this weekend, but she is great thanks",94,94,0.6098255827735631,positive,1
missing a shoe. ugh what a horrible clichã©! awesome night! good night city!,missing a shoe. ugh what a horrible clichã©! awesome night! good night city!,76,76,0.41484833459488524,negative,1
well every time power is out the cable is out i am a sad warm panda,well every time power is out the cable is out i am a sad warm panda,67,67,0.1670951186623937,negative,0
chillin at home,chillin at home,15,15,0.568491293270894,positive,1
got to go.i have to sleep.going somewhere with the family this weekend!have to leave early.i hope i'll have time to be online tom.,got to go.i have to sleep.going somewhere with the family this weekend!have to leave early.i hope i'll have time to be online tom.,130,130,0.2572933454956747,negative,1
"i miss my puppy. deadass, i wonder what he's up to right now. imy stitch","i miss my puppy. deadass, i wonder what he's up to right now. imy stitch",72,72,0.0416966451238374,negative,0
tomorrow it's my school trip,tomorrow it's my school trip,28,28,0.41239345033070895,negative,1
i wanna watch ur vid but i cant now. im tweeting from the phone &amp; i t doesn't let me,i wanna watch ur vid but i cant now. im tweeting from the phone &amp; i t doesn't let me,88,88,0.14997888657485228,negative,0
just saw &quot;up&quot; and it was awesome! now it's bedtime,just saw &quot;up&quot; and it was awesome! now it's bedtime,60,60,0.7401553647702842,positive,1
we'll play early en la maã±ana! i don't feels good,we'll play early en la maã±ana! i don't feels good,50,50,0.6644087048728485,positive,0
i would but i have school tomorrow but thanks for the invite! next time im down!,i would but i have school tomorrow but thanks for the invite! next time im down!,80,80,0.24415619535008254,negative,0
thats what i was thinking but the only time it's gonna be on is 1 am!,thats what i was thinking but the only time it's gonna be on is 1 am!,69,69,0.23990589231260678,negative,0
wishes she wasn't in school housing so she could foster/adopt needy animals.,wishes she wasn't in school housing so she could foster/adopt needy animals.,76,76,0.15473163732315495,negative,0
on my way home from disney soccer camp next week...,on my way home from disney soccer camp next week...,51,51,0.5092454330222139,positive,0
sax man or diversity to wi. subo scares me bgt,sax man or diversity to wi. subo scares me bgt,46,46,0.48645690885774934,negative,0
it's a bad day,it's a bad day,14,14,0.16073038923720578,negative,0
"time for bed. gonna listen to the unfold album through the night. goodnight lovely, tweety birds!","time for bed. gonna listen to the unfold album through the night. goodnight lovely, tweety birds!",97,97,0.9414867416581422,positive,1
ill b thinking of u,ill b thinking of u,19,19,0.41093848651932324,negative,1
i hate my new nick names at work... *hmph* !!!!!!,i hate my new nick names at work... *hmph* !!!!!!,49,49,0.128775272190934,negative,0
"we just had a late lunch,but it was so lovely fresh breadrolls,olive butter &amp; caviar with a bit of lemon squeezed on it &amp; orange juice","we just had a late lunch,but it was so lovely fresh breadrolls,olive butter &amp; caviar with a bit of lemon squeezed on it &amp; orange juice",142,142,0.7838317208026548,positive,1
"i just finished cleaning my room, ha.. all my posters are gone now but i kept my signed bmth and iktpq poster up","i just finished cleaning my room, ha.. all my posters are gone now but i kept my signed bmth and iktpq poster up",112,112,0.16138208908875137,negative,0
eating mangoes!,eating mangoes!,15,15,0.8210287428522598,positive,1
"got home for a stand up comedy thing, had a blast, but its too freaking cold out i want summerrrr!!","got home for a stand up comedy thing, had a blast, but its too freaking cold out i want summerrrr!!",99,99,0.24949806785687884,negative,0
today was really good actually so sunny and nice ^.^,today was really good actually so sunny and nice ^.^,52,52,0.8887417098270497,positive,1
no. &quot;a&quot; future is riding on this. might not be your future. fear is the mind killer. be zen.,no. &quot;a&quot; future is riding on this. might not be your future. fear is the mind killer. be zen.,102,102,0.6589566020606072,positive,1
well done though. i was meant to be doing that distance today but not well enough to go,well done though. i was meant to be doing that distance today but not well enough to go,87,87,0.24297635337437953,negative,0
sooo upset.. wish i was going to see tonight this sucks majorly. gah!,sooo upset.. wish i was going to see tonight this sucks majorly. gah!,69,69,0.01146610293544119,negative,0
ahhhhh i can't get on the chum website am i the only one having this problem can't listen if i cant get on it,ahhhhh i can't get on the chum website am i the only one having this problem can't listen if i cant get on it,109,109,0.1255142442868529,negative,0
i wish it would stop raining,i wish it would stop raining,28,28,0.06776089558085856,negative,0
hm. i hate it when ppl u actually want to talk to don't text back.,hm. i hate it when ppl u actually want to talk to don't text back.,66,66,0.08869743869905358,negative,0
ohh he's a good dude he works across the road from me and was in a jesus band with kyle lol,ohh he's a good dude he works across the road from me and was in a jesus band with kyle lol,91,91,0.8833163770110688,positive,1
bldy policy! just back from bike do (cancelled due to fair weather bikers) picked up a speeding fine from unmarked car. fighting it tho!,bldy policy! just back from bike do (cancelled due to fair weather bikers) picked up a speeding fine from unmarked car. fighting it tho!,136,136,0.1144311383628788,negative,0
officially finito with grade 11.. hello senior year,officially finito with grade 11.. hello senior year,51,51,0.8191484347880746,positive,1
my pup mia has an upset tummy,my pup mia has an upset tummy,29,29,0.07275662711277077,negative,0
time for doctor who xoxox,time for doctor who xoxox,25,25,0.6518061831051144,positive,1
"good morning! sorry to hear about your monitor. if it is dead, it's cheaper to get a new one over trying to fix it.","good morning! sorry to hear about your monitor. if it is dead, it's cheaper to get a new one over trying to fix it.",115,115,0.21213224687012192,negative,0
: fergie u're so hot in this clip !!!!!! love you girl !!!!,: fergie u're so hot in this clip !!!!!! love you girl !!!!,59,59,0.7589691329102021,positive,1
and you say you read my tweets lol what's up!,and you say you read my tweets lol what's up!,45,45,0.7542817223496481,positive,0
everyone is going to be there wowzersss,everyone is going to be there wowzersss,39,39,0.48456792591893144,negative,0
firefox has crashed twice for me now. why do you hate me firefox? i just want to watch the conference e3,firefox has crashed twice for me now. why do you hate me firefox? i just want to watch the conference e3,104,104,0.05383373678211581,negative,0
"if i was going with someone, i would totally drive! but i love roadtrips the drive from phx to la isn't too bad. are you guys","if i was going with someone, i would totally drive! but i love roadtrips the drive from phx to la isn't too bad. are you guys",125,125,0.27921829004695226,negative,1
you dont even know &lt;3,you dont even know &lt;3,24,24,0.5778333862514683,positive,1
for my coffee loving tweeple! i've tried it b4. it's good,for my coffee loving tweeple! i've tried it b4. it's good,57,57,0.7555179673493703,positive,1
i'm ready for my mooovie night tomorrow with some of my favorite people,i'm ready for my mooovie night tomorrow with some of my favorite people,71,71,0.843807762043083,positive,1
getting ready for 6 hours of hard training,getting ready for 6 hours of hard training,42,42,0.46637898453327886,negative,0
doing maths tuition work now. dont think i'll finish. -,doing maths tuition work now. dont think i'll finish. -,55,55,0.26607306156694904,negative,0
"ta, chris having wondoze movie maker crisis","ta, chris having wondoze movie maker crisis",43,43,0.7052690030404983,positive,0
"yes. d i've blocked her, but she follows me over and over again. bye. (: xx","yes. d i've blocked her, but she follows me over and over again. bye. (: xx",75,75,0.4612455309755712,negative,1
rest in peace farrah fawcett. how sad.,rest in peace farrah fawcett. how sad.,38,38,0.03926979870812108,negative,0
"wow. you have one more week to prepare. sacred heart school in multinational, pque. it's my senior year. :| ) how bout you?","wow. you have one more week to prepare. sacred heart school in multinational, pque. it's my senior year. :| ) how bout you?",123,123,0.6534748216724258,positive,1
"and danny's gonna catch up with you soon too. you need to step up the game, dougie!","and danny's gonna catch up with you soon too. you need to step up the game, dougie!",83,83,0.7083982634269852,positive,1
my camera died i'm so upset,my camera died i'm so upset,27,27,0.015666702297597552,negative,0
iphones are awesome..,iphones are awesome..,21,21,0.8875549562393047,positive,1
dang that was a long flippin day!! gald u made it back safely. love u xoxox,dang that was a long flippin day!! gald u made it back safely. love u xoxox,75,75,0.7822566638389912,positive,1
is going to forgo pub night with the wife tonight. tough week for both of us and neither is really up for it. plus our neighbor died,is going to forgo pub night with the wife tonight. tough week for both of us and neither is really up for it. plus our neighbor died,132,132,0.5014351527939136,positive,0
just finished my decathlon speech. i think it's pretty good.,just finished my decathlon speech. i think it's pretty good.,60,60,0.9033508203090667,positive,1
i agree! bugsy is the greatest!,i agree! bugsy is the greatest!,31,31,0.8457259227936635,positive,1
im soo tired and my body is aching. i envy girls who are naturally thin and dont have to work out or eat healthy. boo !,im soo tired and my body is aching. i envy girls who are naturally thin and dont have to work out or eat healthy. boo !,119,119,0.10741141961504999,negative,0
you can rest assured my child.,you can rest assured my child.,30,30,0.7418003911085661,positive,1
"london was really worth it though!! went to harrods, selfridges, topshop, hyde park..... had my make-up done by a chanel make-upartist!!","london was really worth it though!! went to harrods, selfridges, topshop, hyde park..... had my make-up done by a chanel make-upartist!!",136,136,0.655874413465281,positive,1
you know that itch in the back of your throat that you get when you're about to get sick? i think i just got it,you know that itch in the back of your throat that you get when you're about to get sick? i think i just got it,111,111,0.5077982808147118,positive,0
im sooo jealous! i wish i was there,im sooo jealous! i wish i was there,35,35,0.06190605318223007,negative,1
it's nice to know you were there thanks for acting like you cared,it's nice to know you were there thanks for acting like you cared,65,65,0.9293676375622868,positive,0
wish i could go but i can't,wish i could go but i can't,27,27,0.003779507145985172,negative,0
working on thesis..,working on thesis..,19,19,0.3324490045370639,negative,0
going to watch disk 3 of the shields last season,going to watch disk 3 of the shields last season,48,48,0.4829557672477999,negative,0
figuring that none of my friends update twitter.,figuring that none of my friends update twitter.,48,48,0.4077030351508022,negative,0
it's almost 7:30 in baghdad.,it's almost 7:30 in baghdad.,28,28,0.5137207358286063,positive,0
awesome! you gotta keep going til you cant go no more i guess!,awesome! you gotta keep going til you cant go no more i guess!,62,62,0.5966749075121179,positive,1
iphone 3.0 firmware and america's army 3 unlock. today is just a day of waiting.,iphone 3.0 firmware and america's army 3 unlock. today is just a day of waiting.,80,80,0.32190789754333654,negative,0
"lol! yea girl, it's a course, and yuppie it's private ;) i'll look up if there's one in bandung so u're able to join it","lol! yea girl, it's a course, and yuppie it's private ;) i'll look up if there's one in bandung so u're able to join it",119,119,0.836116790915646,positive,1
"damn, dave is leaving for school now too, what the fuck am i gonna do next year","damn, dave is leaving for school now too, what the fuck am i gonna do next year",79,79,0.09859381801651618,negative,0
"sorry :'( ily? i cant help it stacey, ive listened to what every fuckhead has said to me and ive just grown to believe it","sorry :'( ily? i cant help it stacey, ive listened to what every fuckhead has said to me and ive just grown to believe it",121,121,0.33188177972272503,negative,0
i know they're so mean,i know they're so mean,22,22,0.32962901490608426,negative,0
&quot;sob!&quot;,&quot;sob!&quot;,16,16,0.5112225086831557,positive,0
"off for a while, y'all. enjoy","off for a while, y'all. enjoy",29,29,0.7846563820889478,positive,1
"tried them too as they were just next door, nothing for the iphone","tried them too as they were just next door, nothing for the iphone",66,66,0.18072780574777553,negative,0
at work almost done then going to starbucks,at work almost done then going to starbucks,43,43,0.6278928327276531,positive,1
i only have 900mb.,i only have 900mb.,18,18,0.05441221493196864,negative,0
hahaha wait wait wait wait... and now punch your minitor!!! lmaaao,hahaha wait wait wait wait... and now punch your minitor!!! lmaaao,66,66,0.8635198182543508,positive,1
"i do like the sennheiser mkh415, it's an older 416 w/ 12v power; an adapter is needed to normal xlr. amazing audio thx to ebay","i do like the sennheiser mkh415, it's an older 416 w/ 12v power; an adapter is needed to normal xlr. amazing audio thx to ebay",126,126,0.8813905848495064,positive,1
spring cleaning,spring cleaning,15,15,0.5089901976781949,positive,0
hello! i pwn at brawl yeah? i totally know how to use the remote :s haha i like normal controllers,hello! i pwn at brawl yeah? i totally know how to use the remote :s haha i like normal controllers,98,98,0.84024723471174,positive,1
twitando no facebook,twitando no facebook,20,20,0.17918918467436576,negative,1
my heart is free! now off to start living life,my heart is free! now off to start living life,46,46,0.8086773628122439,positive,1
i'm home na. eating my precious ice cream. haha! brownie fudge ala mode!,i'm home na. eating my precious ice cream. haha! brownie fudge ala mode!,72,72,0.8357988271104244,positive,1
i am sick ang hapdi ng dyphenhydramine,i am sick ang hapdi ng dyphenhydramine,38,38,0.0693146646052355,negative,0
watchin the movie awards! twilight has won 2! yay rob. thought i was gonna hang out with a cute boy but he never wrote me *:..trouble..:*,watchin the movie awards! twilight has won 2! yay rob. thought i was gonna hang out with a cute boy but he never wrote me *:..trouble..:*,137,137,0.6070536856403311,positive,0
oops... sorry,oops... sorry,13,13,0.21209551514284533,negative,0
: don't cry keep yo head up,: don't cry keep yo head up,27,27,0.2609001414913118,negative,1
on way home from work. just had a cracking time with an a319 and it's maltese crew,on way home from work. just had a cracking time with an a319 and it's maltese crew,82,82,0.5808206863305456,positive,1
thats cool!,thats cool!,11,11,0.9347048609100582,positive,1
but me and lewi are going to have chocolate fondue with squishy strawberries because mum and dad are away. we also have cherries! x,but me and lewi are going to have chocolate fondue with squishy strawberries because mum and dad are away. we also have cherries! x,131,131,0.5319548097435133,positive,1
that stinks i was going to ask u how it came,that stinks i was going to ask u how it came,44,44,0.39912893977392583,negative,0
30 minute wait for my train to go back home. oh well.,30 minute wait for my train to go back home. oh well.,53,53,0.47280724721240713,negative,0
what's late?? lol. sure. i'll tell her.,what's late?? lol. sure. i'll tell her.,39,39,0.8417666832941648,positive,1
owww! my arms and legs are killing from yesterday,owww! my arms and legs are killing from yesterday,49,49,0.19427819752438677,negative,0
"well, my sister works where the show is. so, you never know! and i'm taking my gay friend with me. it'll be awesome!","well, my sister works where the show is. so, you never know! and i'm taking my gay friend with me. it'll be awesome!",116,116,0.579745836971844,positive,1
i have an explanation for my silence. it's because half of my body tryin to separate from the other half,i have an explanation for my silence. it's because half of my body tryin to separate from the other half,104,104,0.3153894412082424,negative,0
what?0h sooo sad but why?,what?0h sooo sad but why?,25,25,0.014471321314982044,negative,0
bye-bye world cup 2010,bye-bye world cup 2010,22,22,0.448604096245306,negative,0
just worked out with my baby!!!! she hung in there like the tough girl she is every day over 50 degrees right? ;) hhaha,just worked out with my baby!!!! she hung in there like the tough girl she is every day over 50 degrees right? ;) hhaha,119,119,0.7551833290893206,positive,1
i really wish i could go with you tonight i'm excited to show you all my new clothes !,i really wish i could go with you tonight i'm excited to show you all my new clothes !,86,86,0.5030936741385336,positive,0
donnieeee when u comin to the u.k ?,donnieeee when u comin to the u.k ?,35,35,0.6126592728760656,positive,1
read the advantages n grabbed my cup of coffee!,read the advantages n grabbed my cup of coffee!,47,47,0.7690904116318756,positive,1
"i just posted one, but i don't have much","i just posted one, but i don't have much",40,40,0.2080355466124257,negative,0
i'm agree! it was a beautiful day! ) ..sort of tired?,i'm agree! it was a beautiful day! ) ..sort of tired?,53,53,0.6271472689832056,positive,1
black leather car seats and hot sun...... not a good combo,black leather car seats and hot sun...... not a good combo,58,58,0.24203487381088304,negative,0
your welcome!,your welcome!,13,13,0.9808398604331491,positive,1
"this is so awesome, im twittering from tweetdeck.","this is so awesome, im twittering from tweetdeck.",49,49,0.6425183099780716,positive,1
"eh up you we are talking saab 9-5 se, estate too. had to get a 2.0t as insurance wouldn't touch poppet on a 2.3t","eh up you we are talking saab 9-5 se, estate too. had to get a 2.0t as insurance wouldn't touch poppet on a 2.3t",112,112,0.3138201273541593,negative,0
"thanks for making that really nice picture of , me, you &amp; the cloud. we looked really good","thanks for making that really nice picture of , me, you &amp; the cloud. we looked really good",94,94,0.9514019704878263,positive,1
*sigh* study study study. wish i had more time to myself! i need a haircut. having a few movie marathons over the long weekend. fun times,*sigh* study study study. wish i had more time to myself! i need a haircut. having a few movie marathons over the long weekend. fun times,137,137,0.22089485611401524,negative,1
): cuz i fell asleep not even 10mins l8r she texts me this is just great&lt;/3,): cuz i fell asleep not even 10mins l8r she texts me this is just great&lt;/3,78,78,0.22194364955332466,negative,0
"found a couple of good ol' computer games.....playing them was so much fun, haha tata knows best ;)) harry, jump!!!","found a couple of good ol' computer games.....playing them was so much fun, haha tata knows best ;)) harry, jump!!!",115,115,0.9363626247502644,positive,1
you can't leave! which spur will ever tweet me back? dangit! our house will miss you if you leave.,you can't leave! which spur will ever tweet me back? dangit! our house will miss you if you leave.,98,98,0.3801355797398557,negative,0
- fuck you gucci. you always release amazing things when i'm on a shopping ban.,- fuck you gucci. you always release amazing things when i'm on a shopping ban.,79,79,0.7515788985924706,positive,0
get 100 followers a day using once you add everyone you are on the train or pay vip,get 100 followers a day using once you add everyone you are on the train or pay vip,83,83,0.9669891371597039,positive,1
and today begins.,and today begins.,17,17,0.47605345382997116,negative,0
to be precise: *public* education is the best defense against *private* deflation,to be precise: *public* education is the best defense against *private* deflation,81,81,0.6767573504355899,positive,1
uuups sollte nicht alles oauth'n...,uuups sollte nicht alles oauth'n...,35,35,0.549962923132508,positive,0
is working on a very cheesy website,is working on a very cheesy website,35,35,0.6001061933310089,positive,1
what's happened to your rabbit?,what's happened to your rabbit?,31,31,0.23746773031726798,negative,0
i just did the most depressing thing in the world. i checked our credit score. suzie orman would deny me even buying a stick of gum.,i just did the most depressing thing in the world. i checked our credit score. suzie orman would deny me even buying a stick of gum.,132,132,0.4906201053551821,negative,0
don't forget about hurting sassy,don't forget about hurting sassy,32,32,0.5365949897059539,positive,1
i'm watching the wood too!!,i'm watching the wood too!!,27,27,0.6998522942396532,positive,1
last visit with boyfriend before i leave for ohiooooooooo,last visit with boyfriend before i leave for ohiooooooooo,57,57,0.3979089107218895,negative,0
cholo won't wag his tail anymore when i say his name. &amp; maui is behaving very somberly as well. he knows his best friend is about to go.,cholo won't wag his tail anymore when i say his name. &amp; maui is behaving very somberly as well. he knows his best friend is about to go.,140,140,0.4327159981597179,negative,0
did not know until about 2 hours ago that my sister is leaving tonight and not in 3 days. that was a quick goodbye.,did not know until about 2 hours ago that my sister is leaving tonight and not in 3 days. that was a quick goodbye.,115,115,0.06282586903817644,negative,0
that is sad! i hate when kids suffer because of things out of their control,that is sad! i hate when kids suffer because of things out of their control,75,75,0.030535998074747817,negative,0
relaxing at home,relaxing at home,16,16,0.7534930395076095,positive,1
"i dont know how to reply to your direct message! haha but things have been pretty good, how about yourself?","i dont know how to reply to your direct message! haha but things have been pretty good, how about yourself?",107,107,0.6403487692167199,positive,1
i don't even know what i like anymore.,i don't even know what i like anymore.,38,38,0.10296735166121734,negative,0
u havent followed me to dm u and u dont reply please reply me,u havent followed me to dm u and u dont reply please reply me,61,61,0.23801857116886574,negative,0
too much taste for whores. lol ok i cant make it i need sleep .. hope i wake for work,too much taste for whores. lol ok i cant make it i need sleep .. hope i wake for work,85,85,0.09940142942315118,negative,0
cant wait for beyonce 2night,cant wait for beyonce 2night,28,28,0.8809099240758772,positive,1
u're welcome,u're welcome,12,12,0.9657208047035005,positive,1
went to the gym and just got out of the shower! what a great start to the day!,went to the gym and just got out of the shower! what a great start to the day!,78,78,0.8469845255137803,positive,1
i'm sorry megan hey! atleast you'll be at the beach today sometime,i'm sorry megan hey! atleast you'll be at the beach today sometime,66,66,0.5789619503199493,positive,0
paramoreee! 311! and king of leon!,paramoreee! 311! and king of leon!,34,34,0.793742138252965,positive,1
this guy has a doctorate and is a gun affectionato i just found him by accident on youtube. strange but amazing.,this guy has a doctorate and is a gun affectionato i just found him by accident on youtube. strange but amazing.,112,112,0.436585213511454,negative,0
stfu&lt;~ nuff said,stfu&lt;~ nuff said,19,19,0.790960512647297,positive,1
yeah both were really hard i thought..,yeah both were really hard i thought..,38,38,0.35562016181521533,negative,0
wendy plllleeeaasse write my essay for me,wendy plllleeeaasse write my essay for me,41,41,0.4967042018780513,negative,1
